ccn,provider_name,address,city,state,zip,county,ownership,certification_date,total_beds,source,source_date
012006,INFIRMARY LTAC HOSPITAL,5 MOBILE INFIRMARY CIRCLE,MOBILE,AL,36607,Mobile,Non-profit,10/01/1993,22,CMS Long-Term Care Hospital Compare — General Information + Provider Data,2026-02-13
012008,SELECT SPECIALTY HOSPITAL - BIRMINGHAM,"2010 BROOKWOOD MEDICAL CENTER DRIVE, 3RD FLOOR",BIRMINGHAM,AL,35209,Jefferson,For profit,09/01/2001,38,CMS Long-Term Care Hospital Compare — General Information + Provider Data,2026-02-13
012009,"NOLAND HOSPITAL BIRMINGHAM II, LLC",810 ST VINCENTS DRIVE 6TH FLOOR,BIRMINGHAM,AL,35205,Jefferson,For profit,03/27/2003,45,CMS Long-Term Care Hospital Compare — General Information + Provider Data,2026-02-13
012010,"NOLAND HOSPITAL DOTHAN II, LLC","1108 ROSS CLARK CIRCLE, 4TH FLOOR",DOTHAN,AL,36302,Houston,Non-profit,10/01/2004,35,CMS Long-Term Care Hospital Compare — General Information + Provider Data,2026-02-13
012011,"NOLAND HOSPITAL ANNISTON II, LLC","400 EAST 10TH STREET, 4TH FLOOR",ANNISTON,AL,36202,Calhoun,Non-profit,07/21/2004,38,CMS Long-Term Care Hospital Compare — General Information + Provider Data,2026-02-13
012012,"NOLAND HOSPITAL TUSCALOOSA II, LLC","809 UNIVERSITY BOULEVARD EAST, 4TH FLOOR",TUSCALOOSA,AL,35401,Tuscaloosa,Non-profit,04/01/2005,32,CMS Long-Term Care Hospital Compare — General Information + Provider Data,2026-02-13
012014,NORTH ALABAMA SPECIALTY HOSPITAL,107 GOVERNORS DR SW,HUNTSVILLE,AL,35801,Madison,For profit,05/01/2016,31,CMS Long-Term Care Hospital Compare — General Information + Provider Data,2026-02-13
022001,ST ELIAS SPECIALTY HOSPITAL,4800 CORDOVA STREET,ANCHORAGE,AK,99503,Anchorage,Non-profit,01/01/2008,59,CMS Long-Term Care Hospital Compare — General Information + Provider Data,2026-02-13
032001,SELECT SPECIALTY HOSPITAL PHOENIX,"350 WEST THOMAS ROAD, 3RD FLOOR",PHOENIX,AZ,85013,Maricopa,For profit,06/08/1993,48,CMS Long-Term Care Hospital Compare — General Information + Provider Data,2026-02-13
032002,SELECT SPECIALTY HOSPITAL-TUCSON NORTHWEST,2025 W ORANGE GROVE ROAD,TUCSON,AZ,85704,Pima,For profit,11/01/1994,51,CMS Long-Term Care Hospital Compare — General Information + Provider Data,2026-02-13
032004,CORNERSTONE SPECIALTY HOSPITALS TUCSON,7220 EAST ROSEWOOD STREET,TUCSON,AZ,85710,Pima,For profit,07/01/1998,34,CMS Long-Term Care Hospital Compare — General Information + Provider Data,2026-02-13
032005,SELECT SPECIALTY HOSPITAL ARIZONA,"1111 EAST MCDOWELL RD, 11TH FLOOR",PHOENIX,AZ,85006,Maricopa,For profit,06/01/2000,62,CMS Long-Term Care Hospital Compare — General Information + Provider Data,2026-02-13
032006,PHOENIX SPECIALTY HOSPITAL,433 EAST 6TH STREET,MESA,AZ,85203,Maricopa,For profit,06/01/2005,48,CMS Long-Term Care Hospital Compare — General Information + Provider Data,2026-02-13
042004,ARKANSAS EXTENDED CARE HOSPITAL HOT SPRINGS,"300 WERNER STREET, 3RD FLOOR",HOT SPRINGS,AR,71913,Garland,For profit,10/01/1999,27,CMS Long-Term Care Hospital Compare — General Information + Provider Data,2026-02-13
042008,ARKANSAS EXTENDED CARE HOSPITAL-FT SMITH,"7301 ROGERS AVENUE, # 4",FORT SMITH,AR,72903,Sebastian,For profit,05/29/2003,25,CMS Long-Term Care Hospital Compare — General Information + Provider Data,2026-02-13
042009,REGENCY HOSPITAL OF NORTHWEST ARKANSAS,609 WEST MAPLE AVENUE,SPRINGDALE,AR,72764,Washington,For profit,11/25/2003,25,CMS Long-Term Care Hospital Compare — General Information + Provider Data,2026-02-13
042010,CORNERSTONE SPECIALTY HOSPITALS LITTLE ROCK,"2 ST VINCENT CIRCLE, 6TH FLOOR",LITTLE ROCK,AR,72205,Pulaski,For profit,06/01/2007,40,CMS Long-Term Care Hospital Compare — General Information + Provider Data,2026-02-13
042011,ADVANCED CARE HOSPITAL WHITE COUNTY,3214 E RACE AVENUE,SEARCY,AR,72143,White,Non-profit,04/01/2008,27,CMS Long-Term Care Hospital Compare — General Information + Provider Data,2026-02-13
042012,BAPTIST HEALTH EXTENDED CARE HOSPITAL-LR INC,"9601 BAPTIST HEALTH DRIVE, 1OTH FLOOR",LITTLE ROCK,AR,72205,Pulaski,Non-profit,10/01/2008,55,CMS Long-Term Care Hospital Compare — General Information + Provider Data,2026-02-13
042013,ARKANSAS CONTINUED CARE HOSPITAL OF JONESBORO,"3024 RED WOLF BOULEVARD, SUITE 1",JONESBORO,AR,72401,CRAIGHEAD,For profit,07/01/2018,99,CMS Long-Term Care Hospital Compare — General Information + Provider Data,2026-02-13
052031,BARLOW RESPIRATORY HOSPITAL,2000 STADIUM WAY,LOS ANGELES,CA,90026,Los Angeles,Non-profit,09/01/1984,99,CMS Long-Term Care Hospital Compare — General Information + Provider Data,2026-02-13
052032,KINDRED HOSPITAL - LOS ANGELES,5525 W SLAUSON AVENUE,LOS ANGELES,CA,90056,Los Angeles,For profit,01/29/1992,81,CMS Long-Term Care Hospital Compare — General Information + Provider Data,2026-02-13
052033,VIBRA HOSPITAL OF SACRAMENTO,330 MONTROSE DRIVE,FOLSOM,CA,95630,Sacramento,For profit,03/04/1992,58,CMS Long-Term Care Hospital Compare — General Information + Provider Data,2026-02-13
052034,KINDRED HOSPITAL - SAN FRANCISCO BAY AREA,2800 BENEDICT DRIVE,SAN LEANDRO,CA,94577,Alameda,For profit,01/29/1993,99,CMS Long-Term Care Hospital Compare — General Information + Provider Data,2026-02-13
052035,KINDRED HOSPITAL WESTMINSTER,200 HOSPITAL CIRCLE,WESTMINSTER,CA,92683,Orange,For profit,06/01/1993,109,CMS Long-Term Care Hospital Compare — General Information + Provider Data,2026-02-13
052036,KINDRED HOSPITAL - SAN DIEGO,1940 EL CAJON BLVD,SAN DIEGO,CA,92104,San Diego,For profit,06/01/1993,70,CMS Long-Term Care Hospital Compare — General Information + Provider Data,2026-02-13
052037,KINDRED HOSPITAL ONTARIO,550 NORTH MONTEREY,ONTARIO,CA,91764,San Bernardino,For profit,02/01/1995,91,CMS Long-Term Care Hospital Compare — General Information + Provider Data,2026-02-13
052038,KINDRED HOSPITAL -- LA MIRADA,14900 E IMPERIAL HWY,LA MIRADA,CA,90638,Los Angeles,For profit,11/01/1995,277,CMS Long-Term Care Hospital Compare — General Information + Provider Data,2026-02-13
052039,KINDRED HOSPITAL BREA,875 N BREA BLVD,BREA,CA,92821,Orange,For profit,12/01/1995,48,CMS Long-Term Care Hospital Compare — General Information + Provider Data,2026-02-13
052043,KENTFIELD HOSPITAL,1125 SIR FRANCIS DRAKE BLVD,KENTFIELD,CA,94904,Marin,For profit,07/01/1999,120,CMS Long-Term Care Hospital Compare — General Information + Provider Data,2026-02-13
052044,SELECT SPECIALTY HOSPITAL - SAN DIEGO,555 WASHINGTON STREET,SAN DIEGO,CA,92103,San Diego,For profit,04/01/2002,110,CMS Long-Term Care Hospital Compare — General Information + Provider Data,2026-02-13
052045,KINDRED HOSPITAL BALDWIN PARK,14148 FRANCISQUITO AVENUE,BALDWIN PARK,CA,91706,Los Angeles,Non-profit,09/01/2004,95,CMS Long-Term Care Hospital Compare — General Information + Provider Data,2026-02-13
052046,KINDRED HOSPITAL PARAMOUNT,16453 COLORADO AVENUE,PARAMOUNT,CA,90723,Los Angeles,For profit,09/27/1995,177,CMS Long-Term Care Hospital Compare — General Information + Provider Data,2026-02-13
052047,VIBRA HOSPITAL OF NORTHERN CALIFORNIA,2801 EUREKA WAY,REDDING,CA,96001,Shasta,For profit,01/01/2006,56,CMS Long-Term Care Hospital Compare — General Information + Provider Data,2026-02-13
052049,KINDRED HOSPITAL RANCHO,10841 WHITE OAK AVENUE,RANCHO CUCAMONGA,CA,91730,San Bernardino,For profit,10/01/2006,55,CMS Long-Term Care Hospital Compare — General Information + Provider Data,2026-02-13
052050,KINDRED HOSPITAL SOUTH BAY,1246 WEST 155TH STREET,GARDENA,CA,90247,Los Angeles,For profit,10/01/2006,58,CMS Long-Term Care Hospital Compare — General Information + Provider Data,2026-02-13
052052,KINDRED HOSPITAL RIVERSIDE,2224 MEDICAL CENTER DRIVE,PERRIS,CA,92571,Riverside,For profit,01/01/2008,40,CMS Long-Term Care Hospital Compare — General Information + Provider Data,2026-02-13
052054,MONROVIA MEMORIAL HOSPITAL,323 SOUTH HELIOTROPE AVENUE,MONROVIA,CA,91016,Los Angeles,For profit,05/01/2009,49,CMS Long-Term Care Hospital Compare — General Information + Provider Data,2026-02-13
052055,CENTRAL VALLEY SPECIALTY HOSPITAL,730 17TH STREET,MODESTO,CA,95354,Stanislaus,For profit,08/28/2013,36,CMS Long-Term Care Hospital Compare — General Information + Provider Data,2026-02-13
052057,SONOMA SPECIALTY HOSPITAL,501 PETALUMA AVENUE,SEBASTOPOL,CA,95472,Sonoma,For profit,04/01/2019,37,CMS Long-Term Care Hospital Compare — General Information + Provider Data,2026-02-13
062009,KINDRED HOSPITAL-DENVER,1920 N HIGH ST,DENVER,CO,80218,Denver,For profit,02/01/1991,81,CMS Long-Term Care Hospital Compare — General Information + Provider Data,2026-02-13
062011,CRAIG HOSPITAL,3425 S CLARKSON ST,ENGLEWOOD,CO,80113,Arapahoe,Non-profit,10/01/1992,93,CMS Long-Term Care Hospital Compare — General Information + Provider Data,2026-02-13
062012,PAM SPECIALTY HOSPITAL OF DENVER,1690 MEADE ST,DENVER,CO,80204,Denver,For profit,04/01/1994,63,CMS Long-Term Care Hospital Compare — General Information + Provider Data,2026-02-13
062013,KINDRED HOSPITAL AURORA,700 POTOMAC ST FL 2,AURORA,CO,80011,Arapahoe,For profit,05/01/1998,37,CMS Long-Term Care Hospital Compare — General Information + Provider Data,2026-02-13
062014,VIBRA HOSPITAL OF DENVER,8451 PEARL ST,THORNTON,CO,80229,Adams,For profit,01/01/1999,54,CMS Long-Term Care Hospital Compare — General Information + Provider Data,2026-02-13
062017,NORTHERN COLORADO LONG TERM ACUTE HOSPITAL,4401A UNION ST,JOHNSTOWN,CO,80534,Larimer,For profit,03/01/2009,20,CMS Long-Term Care Hospital Compare — General Information + Provider Data,2026-02-13
072003,GAYLORD HOSPITAL INC,GAYLORD FARM RD,WALLINGFORD,CT,06492,New Haven,Non-profit,07/01/1966,137,CMS Long-Term Care Hospital Compare — General Information + Provider Data,2026-02-13
072004,HOSPITAL FOR SPECIAL CARE,2150 CORBIN AVE,NEW BRITAIN,CT,06050,Hartford,Non-profit,07/01/1966,228,CMS Long-Term Care Hospital Compare — General Information + Provider Data,2026-02-13
082000,SELECT SPECIALTY HOSPITAL WILMINGTON,501 WEST 14TH STREET 9TH FLOOR,WILMINGTON,DE,19801,New Castle,For profit,08/01/1999,35,CMS Long-Term Care Hospital Compare — General Information + Provider Data,2026-02-13
092002,BRIDGEPOINT CONT CARE HOSPITAL - CAPITOL HILL,223 7TH STREET NE,WASHINGTON,DC,20002,District Of Columbia,For profit,02/01/1996,60,CMS Long-Term Care Hospital Compare — General Information + Provider Data,2026-02-13
092003,BRIDGEPOINT CONT CARE HOSPITAL - NAT HARBORSIDE,4601 MARTIN LUTHER KING JR AVENUE,WASHINGTON,DC,20032,District Of Columbia,For profit,01/01/2002,82,CMS Long-Term Care Hospital Compare — General Information + Provider Data,2026-02-13
102001,SELECT SPECIALTY HOSPITAL-MIAMI,955 NW 3RD STREET 8TH FLOOR,MIAMI,FL,33128,Miami-Dade,For profit,09/01/2003,47,CMS Long-Term Care Hospital Compare — General Information + Provider Data,2026-02-13
102003,SELECT SPECIALTY HOSPITAL - ORLANDO (SOUTH CAMPUS),5579 S ORANGE AVE,ORLANDO,FL,32809,Orange,For profit,01/01/2004,99,CMS Long-Term Care Hospital Compare — General Information + Provider Data,2026-02-13
102009,KINDRED HOSPITAL-BAY AREA-TAMPA,4555 S MANHATTAN AVE,TAMPA,FL,33611,Hillsborough,For profit,11/01/1988,155,CMS Long-Term Care Hospital Compare — General Information + Provider Data,2026-02-13
102010,KINDRED HOSPITAL-SOUTH FLORIDA-FT LAUDERDALE,1516 E LAS OLAS BLVD,FORT LAUDERDALE,FL,33301,Broward,For profit,12/20/1988,238,CMS Long-Term Care Hospital Compare — General Information + Provider Data,2026-02-13
102012,PAM HEALTH SPECIALTY HOSPITAL OF JACKSONVILLE,4901 RICHARD ST,JACKSONVILLE,FL,32207,Duval,For profit,05/01/1993,107,CMS Long-Term Care Hospital Compare — General Information + Provider Data,2026-02-13
102013,KINDRED HOSPITAL-CENTRAL TAMPA,4801 N HOWARD AVE,TAMPA,FL,33603,Hillsborough,For profit,03/17/1993,102,CMS Long-Term Care Hospital Compare — General Information + Provider Data,2026-02-13
102015,KINDRED HOSPITAL-NORTH FLORIDA,801 OAK ST,GREEN COVE SPRINGS,FL,32043,Clay,For profit,12/01/1994,73,CMS Long-Term Care Hospital Compare — General Information + Provider Data,2026-02-13
102017,SELECT SPECIALTY HOSPITAL - PANAMA CITY,615 N BONITA AVE,PANAMA CITY,FL,32401,Bay,For profit,08/01/2004,30,CMS Long-Term Care Hospital Compare — General Information + Provider Data,2026-02-13
102018,PAM SPECIALTY HOSPITAL OF SARASOTA,6150 EDGELAKE DR,SARASOTA,FL,34240,Sarasota,Non-profit,04/01/2006,40,CMS Long-Term Care Hospital Compare — General Information + Provider Data,2026-02-13
102019,KINDRED HOSPITAL OCALA,"1500 SW 1ST AVENUE, 5TH FLOOR",OCALA,FL,34474,Marion,For profit,06/01/2006,31,CMS Long-Term Care Hospital Compare — General Information + Provider Data,2026-02-13
102020,SELECT SPECIALTY HOSPITAL - TALLAHASSEE,1554 SURGEONS DR,TALLAHASSEE,FL,32308,LEON,For profit,03/01/2008,29,CMS Long-Term Care Hospital Compare — General Information + Provider Data,2026-02-13
102021,BAYCARE ALLIANT HOSPITAL,601 MAIN ST,DUNEDIN,FL,34698,Pinellas,Non-profit,03/06/2008,48,CMS Long-Term Care Hospital Compare — General Information + Provider Data,2026-02-13
102022,SELECT SPECIALTY HOSPITAL GAINESVILLE INC,1600 SW ARCHER RD 5TH FLOOR,GAINESVILLE,FL,32610,Alachua,For profit,08/01/2008,44,CMS Long-Term Care Hospital Compare — General Information + Provider Data,2026-02-13
102023,SELECT SPECIALTY HOSPITAL-PALM BEACH,3060 MELALEUCA LANE,LAKE WORTH,FL,33461,Palm Beach,For profit,12/01/2008,60,CMS Long-Term Care Hospital Compare — General Information + Provider Data,2026-02-13
102024,SELECT SPECIALTY HOSPITAL PENSACOLA,7000 COBBLE CREEK DR,PENSACOLA,FL,32504,Escambia,For profit,10/01/2008,54,CMS Long-Term Care Hospital Compare — General Information + Provider Data,2026-02-13
102025,KINDRED HOSPITAL THE PALM BEACHES,5555 W BLUE HERON BLVD,RIVIERA BEACH,FL,33418,Palm Beach,For profit,06/01/2009,68,CMS Long-Term Care Hospital Compare — General Information + Provider Data,2026-02-13
102026,ADVENTHEALTH CONNERTON,9441 HEALTH CENTER DR,LAND O LAKES,FL,34637,Pasco,Non-profit,11/01/2009,77,CMS Long-Term Care Hospital Compare — General Information + Provider Data,2026-02-13
102027,KINDRED HOSPITAL MELBOURNE,765 W NASA BLVD,MELBOURNE,FL,32901,Brevard,For profit,08/01/2010,60,CMS Long-Term Care Hospital Compare — General Information + Provider Data,2026-02-13
102028,SELECT SPECIALTY HOSPITAL - THE VILLAGES,5050 COUNTY ROAD 472,OXFORD,FL,34484,Sumter,For profit,07/01/2012,40,CMS Long-Term Care Hospital Compare — General Information + Provider Data,2026-02-13
102029,SELECT SPECIALTY HOSPITAL-FORT MYERS,3050 CHAMPION RING ROAD,FORT MYERS,FL,33905,Lee,For profit,09/01/2015,60,CMS Long-Term Care Hospital Compare — General Information + Provider Data,2026-02-13
102030,SELECT SPECIALTY HOSPITAL DAYTONA BEACH,301 MEMORIAL MEDICAL PARKWAY,DAYTONA BEACH,FL,32117,Volusia,For profit,12/01/2015,34,CMS Long-Term Care Hospital Compare — General Information + Provider Data,2026-02-13
102031,SELECT SPECIALTY HOSPITAL-MIAMI LAKES,14001 NW 82ND AVENUE,MIAMI LAKES,FL,33016,Miami-Dade,For profit,04/01/2016,60,CMS Long-Term Care Hospital Compare — General Information + Provider Data,2026-02-13
112000,WELLSTAR ROOSEVELT LONG TERM ACUTE CARE AT WARM SP,"6135 ROOSEVELT HIGHWAY, P O BOX 280",WARM SPRINGS,GA,31830,Meriwether,Government,07/01/1974,32,CMS Long-Term Care Hospital Compare — General Information + Provider Data,2026-02-13
112003,SHEPHERD CENTER,2020 PEACHTREE RD NW,ATLANTA,GA,30309,Fulton,Non-profit,04/01/1984,152,CMS Long-Term Care Hospital Compare — General Information + Provider Data,2026-02-13
112004,"SELECT SPECIALTY HOSPITAL - MIDTOWN ATLANTA, LLC","705 JUNIPER STREET, NE",ATLANTA,GA,30308,Fulton,For profit,04/30/1991,72,CMS Long-Term Care Hospital Compare — General Information + Provider Data,2026-02-13
112006,EMORY LONG TERM ACUTE CARE,450 NORTH CANDLER STREET,DECATUR,GA,30030,DeKalb,Non-profit,11/15/1996,76,CMS Long-Term Care Hospital Compare — General Information + Provider Data,2026-02-13
112007,WELLSTAR WINDY HILL HOSPITAL,2540 WINDY HILL ROAD,MARIETTA,GA,30067,Cobb,Non-profit,07/01/1997,115,CMS Long-Term Care Hospital Compare — General Information + Provider Data,2026-02-13
112011,"SELECT SPECIALTY HOSPITAL - SAVANNAH, INC",800 E 68TH STREET,SAVANNAH,GA,31405,Chatham,Non-profit,05/01/2003,40,CMS Long-Term Care Hospital Compare — General Information + Provider Data,2026-02-13
112012,"COLUMBUS SPECIALTY HOSPITAL, INC",616 19TH STREEET,COLUMBUS,GA,31901,Muscogee,For profit,01/01/2004,30,CMS Long-Term Care Hospital Compare — General Information + Provider Data,2026-02-13
112013,"SELECT SPECIALTY HOSPITAL - AUGUSTA, INC",1537 WALTON WAY,AUGUSTA,GA,30904,Richmond,For profit,04/01/2004,30,CMS Long-Term Care Hospital Compare — General Information + Provider Data,2026-02-13
112016,"REGENCY HOSPITAL COMPANY OF MACON, LLC",535 COLISEUM DRIVE,MACON,GA,31217,Bibb,For profit,11/01/2004,34,CMS Long-Term Care Hospital Compare — General Information + Provider Data,2026-02-13
112017,"LANDMARK HOSPITAL OF ATHENS, LLC",775 SUNSET DRIVE,ATHENS,GA,30606,Clarke,For profit,02/01/2009,42,CMS Long-Term Care Hospital Compare — General Information + Provider Data,2026-02-13
112018,LANDMARK HOSPITAL OF SAVANNAH,800 E 68TH STREET,SAVANNAH,GA,31405,Chatham,For profit,11/26/2014,50,CMS Long-Term Care Hospital Compare — General Information + Provider Data,2026-02-13
122001,LEAHI HOSPITAL,3675 KILAUEA AVENUE,HONOLULU,HI,96816,Honolulu,Government,01/01/1969,9,CMS Long-Term Care Hospital Compare — General Information + Provider Data,2026-02-13
132001,NORTHERN IDAHO ADVANCED CARE HOSPITAL,600 NORTH CECIL ROAD,POST FALLS,ID,83854,Kootenai,For profit,10/01/2006,40,CMS Long-Term Care Hospital Compare — General Information + Provider Data,2026-02-13
132002,VIBRA HOSPITAL OF BOISE,6651 W FRANKLIN ROAD,BOISE,ID,83709,Ada,Non-profit,02/01/2009,60,CMS Long-Term Care Hospital Compare — General Information + Provider Data,2026-02-13
142008,KINDRED HOSPITAL - CHICAGO,365 E NORTH AVE,NORTHLAKE,IL,60164,Cook,For profit,02/01/1992,258,CMS Long-Term Care Hospital Compare — General Information + Provider Data,2026-02-13
142010,RML HEALTH PROVIDERS LIMITED PARTNERSHIP,5601 S COUNTY LINE RD,HINSDALE,IL,60521,Cook,Non-profit,06/01/1997,189,CMS Long-Term Care Hospital Compare — General Information + Provider Data,2026-02-13
142011,HOLY FAMILY MEDICAL CENTER,100 NORTH RIVER ROAD,DES PLAINES,IL,60016,Cook,Non-profit,03/01/2006,238,CMS Long-Term Care Hospital Compare — General Information + Provider Data,2026-02-13
142013,OSF HEALTHCARE DIVINE MERCY CONTINUING CARE HOSP,500 W ROMEO B GARRETT AVENUE,PEORIA,IL,61605,Peoria,Non-profit,05/01/2010,50,CMS Long-Term Care Hospital Compare — General Information + Provider Data,2026-02-13
142015,"RUSH SPECIALTY HOSPITAL, LLC",516 S LOOMIS ST,CHICAGO,IL,60607,Cook,For profit,12/01/2024,-,CMS Long-Term Care Hospital Compare — General Information + Provider Data,2026-02-13
152007,KINDRED HOSPITAL INDIANAPOLIS,1700 W 10TH ST,INDIANAPOLIS,IN,46222,Marion,For profit,02/01/1994,59,CMS Long-Term Care Hospital Compare — General Information + Provider Data,2026-02-13
152013,KINDRED HOSPITAL INDIANAPOLIS NORTH,8060 KNUE ROAD,INDIANAPOLIS,IN,46250,Marion,For profit,09/01/1996,45,CMS Long-Term Care Hospital Compare — General Information + Provider Data,2026-02-13
152014,SELECT SPECIALTY HOSPITAL-EVANSVILLE,400 SE 4TH ST,EVANSVILLE,IN,47713,Vanderburgh,For profit,01/01/1997,60,CMS Long-Term Care Hospital Compare — General Information + Provider Data,2026-02-13
152020,ASCENSION ST VINCENT SETON SPECIALTY HOSPITAL,8050 TOWNSHIP LINE RD,INDIANAPOLIS,IN,46260,Marion,Non-profit,02/08/2003,74,CMS Long-Term Care Hospital Compare — General Information + Provider Data,2026-02-13
152024,REGENCY HOSPITAL OF NORTHWEST INDIANA,4321 FIR ST 4TH FL,EAST CHICAGO,IN,46312,Lake,For profit,02/01/2004,61,CMS Long-Term Care Hospital Compare — General Information + Provider Data,2026-02-13
152025,CENTRAL INDIANA AMG SPECIALTY HOSPITAL LLC,2401 W UNIVERSITY AVE 5TH FLOOR EAST TOWER,MUNCIE,IN,47303,Delaware,For profit,02/16/2005,32,CMS Long-Term Care Hospital Compare — General Information + Provider Data,2026-02-13
152028,NW INDIANA-AMG SPECIALTY HOSPITAL,9509 GEORGIA STREET,CROWN POINT,IN,46307,Lake,For profit,02/01/2009,40,CMS Long-Term Care Hospital Compare — General Information + Provider Data,2026-02-13
162001,SELECT SPECIALTY HOSPITAL - QUAD CITIES,1227 EAST RUSHOLME STREET,DAVENPORT,IA,52803,Scott,For profit,02/01/2007,50,CMS Long-Term Care Hospital Compare — General Information + Provider Data,2026-02-13
162003,SELECT SPECIALTY HOSPITAL - DES MOINES,"1111 6TH AVENUE, 4TH FLOOR MAIN",DES MOINES,IA,50314,Polk,For profit,01/01/2015,30,CMS Long-Term Care Hospital Compare — General Information + Provider Data,2026-02-13
172004,HIGHCREST HOSPITAL OF OVERLAND PARK,6509 WEST 103RD STREET,OVERLAND PARK,KS,66212,Johnson,For profit,06/01/1995,56,CMS Long-Term Care Hospital Compare — General Information + Provider Data,2026-02-13
172005,SELECT SPECIALTY HOSPITAL OF KS CITY,1731 NORTH 90TH STREET,KANSAS CITY,KS,66112,Wyandotte,For profit,04/30/1996,40,CMS Long-Term Care Hospital Compare — General Information + Provider Data,2026-02-13
172007,SELECT SPECIALTY HOSPITAL WICHITA,"929 NORTH ST FRANCIS, 6TH FLOOR, NORTH TOWER",WICHITA,KS,67214,Sedgwick,For profit,01/01/2001,48,CMS Long-Term Care Hospital Compare — General Information + Provider Data,2026-02-13
182001,KINDRED HOSPITAL LOUISVILLE,1313 SAINT ANTHONY PLACE,LOUISVILLE,KY,40204,Jefferson,Non-profit,10/01/1995,367,CMS Long-Term Care Hospital Compare — General Information + Provider Data,2026-02-13
182002,"CONTINUING CARE HOSPITAL, INC",ONE SAINT JOSEPH DRIVE,LEXINGTON,KY,40504,Fayette,Non-profit,02/27/2002,57,CMS Long-Term Care Hospital Compare — General Information + Provider Data,2026-02-13
182003,SELECT SPECIALTY HOSPITAL - CENTRAL KENTUCKY,"217 SOUTH THIRD STREET, 4TH FLOOR",DANVILLE,KY,40422,Boyle,For profit,06/01/2003,41,CMS Long-Term Care Hospital Compare — General Information + Provider Data,2026-02-13
182004,SELECT SPECIALTY HOSPITAL-NORTHERN KENTUCKY,85 NORTH GRAND AVENUE THREE CENTER 3RD FLR CENTER,FORT THOMAS,KY,41075,Campbell,Non-profit,09/01/2004,33,CMS Long-Term Care Hospital Compare — General Information + Provider Data,2026-02-13
182005,COMMONWEALTH REGIONAL SPECIALTY HOSPITAL,250 PARK DRIVE 5TH FLOOR,BOWLING GREEN,KY,42101,Warren,Non-profit,02/01/2005,28,CMS Long-Term Care Hospital Compare — General Information + Provider Data,2026-02-13
182006,CONTINUECARE HOSPITAL AT BAPTIST HEALTH CORBIN,"ONE TRILLIUM WAY, LOWER LEVEL",CORBIN,KY,40701,Knox,Non-profit,03/01/2005,32,CMS Long-Term Care Hospital Compare — General Information + Provider Data,2026-02-13
182008,CONTINUECARE HOSPITAL AT BAPTIST HEALTH PADUCAH,"2501 KENTUCKY AVENUE, 5TH FLOOR",PADUCAH,KY,42003,McCracken,Non-profit,04/01/2016,37,CMS Long-Term Care Hospital Compare — General Information + Provider Data,2026-02-13
182009,CONTINUECARE HOSPITAL AT BAPTIST HLTH MADISONVILLE,"900 HOSPITAL DRIVE, 4TH FLOOR",MADISONVILLE,KY,42431,Hopkins,Non-profit,04/01/2016,35,CMS Long-Term Care Hospital Compare — General Information + Provider Data,2026-02-13
182010,ARH ADVANCED CARE - BIG SANDY,"260 HOSPITAL DRIVE, SUITE 1 EAST",SOUTH WILLIAMSON,KY,41503,Pike,Non-profit,09/16/2023,25,CMS Long-Term Care Hospital Compare — General Information + Provider Data,2026-02-13
182011,ARH ADVANCED CARE - KY RIVER,"102 MEDICAL CENTER DRIVE, SUITE B",HAZARD,KY,41701,Perry,Non-profit,04/01/2024,-,CMS Long-Term Care Hospital Compare — General Information + Provider Data,2026-02-13
192004,BATON ROUGE SPECIALTY HOSPITAL,5130 MANCUSO LANE,BATON ROUGE,LA,70809,East Baton Rouge,For profit,09/18/1988,54,CMS Long-Term Care Hospital Compare — General Information + Provider Data,2026-02-13
192006,CORNERSTONE POST ACUTE CARE OF BOSSIER,4900 MEDICAL DRIVE,BOSSIER CITY,LA,71112,BOSSIER,For profit,09/30/1991,62,CMS Long-Term Care Hospital Compare — General Information + Provider Data,2026-02-13
192007,BRIDGEPOINT CONTINUING CARE HOSPITAL,1101 MEDICAL CENTER BLVD 4TH FLOOR,MARRERO,LA,70072,Jefferson,For profit,06/01/1992,39,CMS Long-Term Care Hospital Compare — General Information + Provider Data,2026-02-13
192008,SAGE SPECIALTY HOSPITAL,8375 FLORIDA BLVD,DENHAM SPRINGS,LA,70726,Livingston,For profit,01/01/1993,93,CMS Long-Term Care Hospital Compare — General Information + Provider Data,2026-02-13
192010,INTENSIVE SPECIALTY HOSPITAL,1800 IRVING PLACE,SHREVEPORT,LA,71101,Caddo,Non-profit,01/01/1994,220,CMS Long-Term Care Hospital Compare — General Information + Provider Data,2026-02-13
192011,PAM HEALTH SPECIALTY HOSPITAL OF SHREVEPORT,"1541 KINGS HWY, 10TH FL",SHREVEPORT,LA,71104,Caddo,For profit,01/01/1994,24,CMS Long-Term Care Hospital Compare — General Information + Provider Data,2026-02-13
192013,SAGE SPECIALTY HOSPITAL OF LAKE CHARLES,"524 DR MICHAEL DEBAKEY DRIVE, 3RD FLOOR",LAKE CHARLES,LA,70601,Calcasieu,For profit,03/01/1995,33,CMS Long-Term Care Hospital Compare — General Information + Provider Data,2026-02-13
192015,OCHSNER EXTENDED CARE HOSPITAL,"2614 JEFFERSON HWY, 2ND FLOOR",JEFFERSON,LA,70121,Jefferson,For profit,08/01/1995,35,CMS Long-Term Care Hospital Compare — General Information + Provider Data,2026-02-13
192016,SPECIALTY HOSPITAL,"309 JACKSON STREET, 7TH FLOOR",MONROE,LA,71201,Ouachita,For profit,07/01/1995,32,CMS Long-Term Care Hospital Compare — General Information + Provider Data,2026-02-13
192028,RIVERBRIDGE SPECIALTY HOSPITAL,209 FRONT STREET,VIDALIA,LA,71373,CONCORDIA,For profit,01/01/2001,40,CMS Long-Term Care Hospital Compare — General Information + Provider Data,2026-02-13
192029,LAFAYETTE - A M G SPECIALTY HOSPITAL,"4811 AMBASSADOR CAFFERY PKWY, 4TH FLOOR",LAFAYETTE,LA,70506,Lafayette,For profit,01/01/2001,46,CMS Long-Term Care Hospital Compare — General Information + Provider Data,2026-02-13
192031,CORNERSTONE SPECIALTY HOSPITALS WEST MONROE,6198 CYPRESS STREET,WEST MONROE,LA,71291,Ouachita,For profit,01/01/2002,47,CMS Long-Term Care Hospital Compare — General Information + Provider Data,2026-02-13
192032,LOUISIANA EXTENDED CARE HOSPITAL OF LAFAYETTE,"2810 AMBASSADOR CAFFERY PARKWAY, 6TH FLOOR",LAFAYETTE,LA,70506,Lafayette,For profit,01/01/2002,84,CMS Long-Term Care Hospital Compare — General Information + Provider Data,2026-02-13
192035,LOUISIANA EXTENDED CARE HOSPITAL OF NATCHITOCHES,501 KEYSER AVE 4TH FLOOR,NATCHITOCHES,LA,71457,Natchitoches,For profit,03/28/2002,20,CMS Long-Term Care Hospital Compare — General Information + Provider Data,2026-02-13
192036,P A M SPECIALTY HOSPITAL OF HAMMOND,42074 VETERANS AVENUE,HAMMOND,LA,70403,Tangipahoa,Non-profit,09/01/2002,40,CMS Long-Term Care Hospital Compare — General Information + Provider Data,2026-02-13
192037,HOUMA - AMG SPECIALTY HOSPITAL,629 DUNN STREET,HOUMA,LA,70360,Terrebonne,For profit,05/31/2002,40,CMS Long-Term Care Hospital Compare — General Information + Provider Data,2026-02-13
192041,ZACHARY - A M G SPECIALTY HOSPITAL,"4601 MCHUGH ROAD, BLDG B",ZACHARY,LA,70791,East Baton Rouge,For profit,01/10/2003,16,CMS Long-Term Care Hospital Compare — General Information + Provider Data,2026-02-13
192043,RIVERSIDE HOSPITAL OF LOUISIANA,13 HEYMAN LANE,ALEXANDRIA,LA,71303,RAPIDES,For profit,08/01/2003,28,CMS Long-Term Care Hospital Compare — General Information + Provider Data,2026-02-13
192048,P A M SPECIALTY HOSPITAL OF COVINGTON,20050 CRESTWOOD BLVD,COVINGTON,LA,70433,St. Tammany,For profit,01/30/2004,58,CMS Long-Term Care Hospital Compare — General Information + Provider Data,2026-02-13
192057,SAGE SPECIALTY AND REHABILITATION CENTER OF LAFAYE,"204 ENERGY PKWY., SUITE B",LAFAYETTE,LA,70508,Lafayette,For profit,01/01/2022,48,CMS Long-Term Care Hospital Compare — General Information + Provider Data,2026-02-13
192058,SOUTHEAST REGIONAL MEDICAL CENTER,719 AVENUE G,KENTWOOD,LA,70444,Tangipahoa,Non-profit,09/01/2022,14,CMS Long-Term Care Hospital Compare — General Information + Provider Data,2026-02-13
212002,WESTERN MARYLAND HOSPITAL CENTER,1500 PENNSYLVANIA AVENUE,HAGERSTOWN,MD,21742,Washington,Government,07/01/1966,123,CMS Long-Term Care Hospital Compare — General Information + Provider Data,2026-02-13
212003,DEER'S HEAD CENTER,351 DEER'S HEAD HOSPITAL ROAD,SALISBURY,MD,21801,Wicomico,Government,06/26/1991,66,CMS Long-Term Care Hospital Compare — General Information + Provider Data,2026-02-13
222000,SPAULDING HOSPITAL FOR CONTINUING MED CARE-CAMB,1575 CAMBRIDGE STREET,CAMBRIDGE,MA,02138,Middlesex,Non-profit,07/01/1966,180,CMS Long-Term Care Hospital Compare — General Information + Provider Data,2026-02-13
222002,PAM HEALTH SPECIALTY HOSPITAL OF STOUGHTON,909 SUMNER STREET 1ST FLOOR,STOUGHTON,MA,02072,Norfolk,For profit,07/01/1966,198,CMS Long-Term Care Hospital Compare — General Information + Provider Data,2026-02-13
222003,TEWKSBURY HOSPITAL,365 EAST STREET,TEWKSBURY,MA,01876,Middlesex,Government,07/01/1966,760,CMS Long-Term Care Hospital Compare — General Information + Provider Data,2026-02-13
222006,LEMUEL SHATTUCK HOSPITAL,170 MORTON STREET,JAMAICA PLAIN,MA,02130,Suffolk,Government,07/01/1966,260,CMS Long-Term Care Hospital Compare — General Information + Provider Data,2026-02-13
222007,HEBREW REHABILITATION CENTER,1200 CENTRE STREET,BOSTON,MA,02131,Suffolk,Non-profit,07/01/1966,675,CMS Long-Term Care Hospital Compare — General Information + Provider Data,2026-02-13
222023,WESTERN MASSACHUSETTS HOSPITAL,91 EAST MOUNTAIN ROAD,WESTFIELD,MA,01085,Hampden,Government,07/01/1966,102,CMS Long-Term Care Hospital Compare — General Information + Provider Data,2026-02-13
222043,VIBRA HOSPITAL OF SOUTHEASTERN MASSACHUSETTS,4499 ACUSHNET AVENUE,NEW BEDFORD,MA,02745,Bristol,For profit,01/01/1993,90,CMS Long-Term Care Hospital Compare — General Information + Provider Data,2026-02-13
222046,VIBRA HOSPITAL OF WESTERN MASS - CENTRAL CAMPUS,"111 HUNTOON MEMORIAL HIGHWAY, 1ST FLOOR",ROCHDALE,MA,01542,Worcester,For profit,04/13/2001,174,CMS Long-Term Care Hospital Compare — General Information + Provider Data,2026-02-13
222047,WHITTIER REHABILITATION HOSPITAL - BRADFORD,145 WARD HILL AVENUE,BRADFORD,MA,01835,Essex,For profit,10/01/2005,60,CMS Long-Term Care Hospital Compare — General Information + Provider Data,2026-02-13
222048,WHITTIER REHABILITATION HOSPITAL,150 FLANDERS ROAD,WESTBOROUGH,MA,01581,Worcester,For profit,10/01/2005,88,CMS Long-Term Care Hospital Compare — General Information + Provider Data,2026-02-13
232012,SELECT SPECIALTY HOSPITAL-FLINT,"401 S BALLENGER, 5TH FLOOR",FLINT,MI,48532,Genesee,For profit,02/01/1998,36,CMS Long-Term Care Hospital Compare — General Information + Provider Data,2026-02-13
232019,VIBRA HOSPITAL OF SOUTHEASTERN MI-TAYLOR CAMPUS,10000 TELEGRAPH ROAD,TAYLOR,MI,48180,Wayne,For profit,07/01/1991,220,CMS Long-Term Care Hospital Compare — General Information + Provider Data,2026-02-13
232020,MCLAREN BAY SPECIAL CARE,"3250 E MIDLAND RD, SUITE 1",BAY CITY,MI,48706,Bay,Non-profit,01/01/1995,31,CMS Long-Term Care Hospital Compare — General Information + Provider Data,2026-02-13
232023,SELECT SPECIALTY HOSPITAL-MACOMB COUNTY,"215 NORTH AVE, SUITE 200",MOUNT CLEMENS,MI,48043,Macomb,For profit,01/01/1999,36,CMS Long-Term Care Hospital Compare — General Information + Provider Data,2026-02-13
232024,SELECT SPECIALTY HOSPITAL-ANN ARBOR,"5301 E HURON RIVER DR, 7TH FL",YPSILANTI,MI,48197,Washtenaw,For profit,05/01/1999,36,CMS Long-Term Care Hospital Compare — General Information + Provider Data,2026-02-13
232029,SELECT SPECIALTY HOSPITAL - COREWELL HEALTH GR,"1840 WEALTHY STREET SE, 5TH FLOOR",GRAND RAPIDS,MI,49506,Kent,Non-profit,01/01/2001,146,CMS Long-Term Care Hospital Compare — General Information + Provider Data,2026-02-13
232031,"SELECT SPECIALTY HOSPITAL-WYANDOTTE, LLC","2333 BIDDLE AVENUE, 8TH FLOOR",WYANDOTTE,MI,48192,WAYNE,For profit,09/28/2001,40,CMS Long-Term Care Hospital Compare — General Information + Provider Data,2026-02-13
232033,SELECT SPECIALTY HOSPITAL-SAGINAW,"1447 NORTH HARRISON, 7TH & 8TH FLOOR",SAGINAW,MI,48602,Saginaw,For profit,03/01/2003,32,CMS Long-Term Care Hospital Compare — General Information + Provider Data,2026-02-13
232034,ASCENSION BORGESS PIPP HOSPITAL,411 NAOMI STREET,PLAINWELL,MI,49080,Allegan,Non-profit,07/01/2003,43,CMS Long-Term Care Hospital Compare — General Information + Provider Data,2026-02-13
232035,SELECT SPECIALTY HOSPITAL- BATTLE CREEK,300 NORTH AVENUE 6TH FLOOR,BATTLE CREEK,MI,49016,Calhoun,Non-profit,06/01/2003,25,CMS Long-Term Care Hospital Compare — General Information + Provider Data,2026-02-13
232037,UNIVERSITY OF MICHIGAN HEALTH-SPARROW SPECIALTY HO,"1215 E MICHIGAN AVE, 8W SPARROW HOSPITAL TOWER",LANSING,MI,48912,Ingham,Non-profit,01/01/2005,36,CMS Long-Term Care Hospital Compare — General Information + Provider Data,2026-02-13
232039,PIONEER SPECIALTY HOSPITAL,50 NORTH PERRY,PONTIAC,MI,48342,Oakland,For profit,10/20/2014,30,CMS Long-Term Care Hospital Compare — General Information + Provider Data,2026-02-13
242004,M HEALTH FAIRVIEW BETHESDA HOSPITAL,45 10TH STREET WEST,SAINT PAUL,MN,55102,Ramsey,Non-profit,01/20/1989,254,CMS Long-Term Care Hospital Compare — General Information + Provider Data,2026-02-13
242005,REGENCY HOSPITAL OF MINNEAPOLIS LLC,1300 HIDDEN LAKES PARKWAY,GOLDEN VALLEY,MN,55422,Hennepin,For profit,06/01/1995,92,CMS Long-Term Care Hospital Compare — General Information + Provider Data,2026-02-13
252003,SELECT SPECIALTY HOSPITAL - BELHAVEN,"1225 NORTH STATE STREET, 5TH FLOOR",JACKSON,MS,39202,Hinds,For profit,08/17/1993,25,CMS Long-Term Care Hospital Compare — General Information + Provider Data,2026-02-13
252004,OCHSNER SPECIALTY HOSPITAL,1314 19TH AVENUE,MERIDIAN,MS,39301,LAUDERDALE,Non-profit,05/01/1995,49,CMS Long-Term Care Hospital Compare — General Information + Provider Data,2026-02-13
252005,"SELECT SPECIALTY HOSPITAL-GULF COAST, INC","4500 13TH STREET, 3RD FLOOR",GULFPORT,MS,39501,Harrison,For profit,01/01/1999,70,CMS Long-Term Care Hospital Compare — General Information + Provider Data,2026-02-13
252006,REGENCY HOSPITAL OF MERIDIAN,"1102 CONSTITUTION AVENUE, 2ND FLOOR",MERIDIAN,MS,39301,Lauderdale,For profit,08/01/2003,40,CMS Long-Term Care Hospital Compare — General Information + Provider Data,2026-02-13
252007,SELECT SPECIALTY HOSPITAL JACKSON,5903 RIDGEWOOD ROAD,JACKSON,MS,39211,Hinds,Non-profit,03/01/2003,53,CMS Long-Term Care Hospital Compare — General Information + Provider Data,2026-02-13
252013,ALLEGIANCE SPECIALTY HOSPITAL OF GREENVILLE,"300 SOUTH WASHINGTON AVE, 3RD FLOOR",GREENVILLE,MS,38701,Washington,For profit,11/01/2011,39,CMS Long-Term Care Hospital Compare — General Information + Provider Data,2026-02-13
252014,NORTH MISSISSIPPI SPECIALTY HOSPITAL,"303 MEDICAL CENTER DRIVE,SUITE B",BATESVILLE,MS,38606,Panola,For profit,03/31/2022,31,CMS Long-Term Care Hospital Compare — General Information + Provider Data,2026-02-13
262010,KINDRED HOSPITAL ST LOUIS SOUTH,"10018 KENNERLY RD, 3RD FLR HYLAND BLDG B",SAINT LOUIS,MO,63128,St. Louis,For profit,08/30/1991,60,CMS Long-Term Care Hospital Compare — General Information + Provider Data,2026-02-13
262013,SELECT SPECIALTY HOSPITAL-ST LOUIS,300 FIRST CAPITOL DRIVE,SAINT CHARLES,MO,63301,St. Charles,For profit,11/01/2000,33,CMS Long-Term Care Hospital Compare — General Information + Provider Data,2026-02-13
262015,"LANDMARK HOSPITAL OF CAPE GIRARDEAU, LLC",3255 INDEPENDENCE,CAPE GIRARDEAU,MO,63701,Cape Girardeau,For profit,10/01/2006,30,CMS Long-Term Care Hospital Compare — General Information + Provider Data,2026-02-13
262016,"LANDMARK HOSPITAL OF JOPLIN, LLC",2040 W 32ND STREET,JOPLIN,MO,64804,Jasper,For profit,12/01/2007,30,CMS Long-Term Care Hospital Compare — General Information + Provider Data,2026-02-13
262017,"SELECT SPECIALTY HOSPITAL SPRINGFIELD, INC",1630 EAST PRIMROSE,SPRINGFIELD,MO,65804,Greene,For profit,11/01/2008,44,CMS Long-Term Care Hospital Compare — General Information + Provider Data,2026-02-13
262018,KINDRED HOSPITAL NORTHLAND,500 NW 68TH STREET,KANSAS CITY,MO,64118,Clay,For profit,05/06/2008,35,CMS Long-Term Care Hospital Compare — General Information + Provider Data,2026-02-13
262019,MOSIAC LIFE CARE AT ST JOSEPH,5325 FARAON STREET,SAINT JOSEPH,MO,64506,Buchanan,Non-profit,10/02/2009,41,CMS Long-Term Care Hospital Compare — General Information + Provider Data,2026-02-13
262020,"LANDMARK HOSPITAL OF COLUMBIA, LLC",604 OLD HIGHWAY 63 NORTH,COLUMBIA,MO,65201,Boone,For profit,04/01/2010,42,CMS Long-Term Care Hospital Compare — General Information + Provider Data,2026-02-13
272001,ADVANCED CARE HOSPITAL OF MONTANA,3528 GABEL RD,BILLINGS,MT,59102,Yellowstone,For profit,09/01/2008,40,CMS Long-Term Care Hospital Compare — General Information + Provider Data,2026-02-13
282000,MADONNA REHABILITATION SPECIALTY HOSPITAL LINCOLN,5401 SOUTH ST,LINCOLN,NE,68506,Lancaster,Non-profit,07/01/1984,96,CMS Long-Term Care Hospital Compare — General Information + Provider Data,2026-02-13
282001,SELECT SPECIALTY HOSPITAL - OMAHA (CENTRAL CAMPUS),1870 SOUTH 75TH STREET,OMAHA,NE,68124,Douglas,For profit,07/01/2000,52,CMS Long-Term Care Hospital Compare — General Information + Provider Data,2026-02-13
282003,MADONNA REHABILITATION SPECIALTY HOSPITAL OMAHA,17500 BURKE STREET,OMAHA,NE,68118,Douglas,Non-profit,03/01/2015,108,CMS Long-Term Care Hospital Compare — General Information + Provider Data,2026-02-13
292002,KINDRED HOSPITAL - LAS VEGAS (SAHARA CAMPUS),5110 W SAHARA AVE,LAS VEGAS,NV,89146,Clark,For profit,09/01/1994,146,CMS Long-Term Care Hospital Compare — General Information + Provider Data,2026-02-13
292003,HORIZON SPECIALTY HOSPITAL,640 S MARTIN LUTHER KING BLVD,LAS VEGAS,NV,89106,Clark,For profit,06/01/1994,199,CMS Long-Term Care Hospital Compare — General Information + Provider Data,2026-02-13
292004,PAM SPECIALTY HOSPITAL OF SPARKS LLC,2375 EAST PRATER WAY,SPARKS,NV,89434,Washoe,For profit,09/01/1997,21,CMS Long-Term Care Hospital Compare — General Information + Provider Data,2026-02-13
292006,"PAM SPECIALTY HOSPITAL OF LAS VEGAS, LLC",2500 NORTH TENAYA WAY,LAS VEGAS,NV,89128,Clark,Non-profit,01/01/2002,70,CMS Long-Term Care Hospital Compare — General Information + Provider Data,2026-02-13
292007,LAS VEGAS-AMG SPECIALTY HOSPITAL,4015 SOUTH MCLEOD,LAS VEGAS,NV,89121,Clark,For profit,01/01/2004,24,CMS Long-Term Care Hospital Compare — General Information + Provider Data,2026-02-13
292009,ELITE MEDICAL CENTER,150 E HARMON AVENUE,LAS VEGAS,NV,89109,Clark,For profit,12/10/2020,22,CMS Long-Term Care Hospital Compare — General Information + Provider Data,2026-02-13
312014,MATHENY MEDICAL AND EDUCATIONAL CENTER,65 HIGHLAND AVENUE,PEAPACK,NJ,07977,Somerset,Non-profit,07/09/1976,102,CMS Long-Term Care Hospital Compare — General Information + Provider Data,2026-02-13
312017,SPECIALTY HOSPITAL OF CENTRAL JERSEY,"600 RIVER AVENUE, 4 WEST",LAKEWOOD,NJ,08701,Ocean,Non-profit,11/01/2004,50,CMS Long-Term Care Hospital Compare — General Information + Provider Data,2026-02-13
312018,CARE ONE AT TRINITAS REGIONAL MEDICAL CENTER,225 WILLIAMSON ST 7 NORTH,ELIZABETH,NJ,07207,Union,For profit,11/01/2004,75,CMS Long-Term Care Hospital Compare — General Information + Provider Data,2026-02-13
312019,SELECT SPECIALTY HOSPITAL NORTHEAST,96 PARKWAY,ROCHELLE PARK,NJ,07662,Bergen,Non-profit,11/01/2004,62,CMS Long-Term Care Hospital Compare — General Information + Provider Data,2026-02-13
312020,KINDRED HOSPITAL NEW JERSEY - MORRIS COUNTY,400 WEST BLACKWELL STREET,DOVER,NJ,07801,Morris,For profit,03/01/2005,45,CMS Long-Term Care Hospital Compare — General Information + Provider Data,2026-02-13
312022,SELECT SPECIALTY HOSPITAL-WILLINGBORO,"218 A SUNSET ROAD, 3RD FLOOR",WILLINGBORO,NJ,08046,Burlington,For profit,09/01/2006,69,CMS Long-Term Care Hospital Compare — General Information + Provider Data,2026-02-13
312023,ACUITY SPECIALTY HOSPITAL OF NEW JERSEY,1925 PACIFIC AVENUE 5TH FLOOR,ATLANTIC CITY,NJ,08401,Atlantic,For profit,06/01/2010,30,CMS Long-Term Care Hospital Compare — General Information + Provider Data,2026-02-13
312024,SILVER LAKE HOSPITAL LTACH,495 NORTH 13TH STREET,NEWARK,NJ,07107,Essex,Non-profit,09/14/2010,63,CMS Long-Term Care Hospital Compare — General Information + Provider Data,2026-02-13
312025,HACKENSACK MERIDIAN LTACH,"530 NEW BRUNSWICK AVENUE, 4TH FLOOR/GREEN",PERTH AMBOY,NJ,08861,Middlesex,Non-profit,01/01/2024,-,CMS Long-Term Care Hospital Compare — General Information + Provider Data,2026-02-13
322002,KINDRED HOSPITAL ALBUQUERQUE,700 HIGH STREET NE,ALBUQUERQUE,NM,87102,Bernalillo,For profit,07/01/1994,61,CMS Long-Term Care Hospital Compare — General Information + Provider Data,2026-02-13
322003,"ALBUQUERQUE - AMG SPECIALTY HOSPITAL, LLC",5400 GIBSON BLVD SE 3RD FLOOR,ALBUQUERQUE,NM,87108,Bernalillo,For profit,06/01/1995,32,CMS Long-Term Care Hospital Compare — General Information + Provider Data,2026-02-13
322004,ADVANCED CARE HOSPITAL OF SOUTHERN NEW MEXICO LLC,4451 EAST LOHMAN AVENUE,LAS CRUCES,NM,88011,Dona Ana,For profit,03/01/2009,20,CMS Long-Term Care Hospital Compare — General Information + Provider Data,2026-02-13
332008,HENRY J CARTER SPECIALTY HOSPITAL,1752 PARK AVENUE,NEW YORK,NY,10035,New York,Government,07/01/1970,411,CMS Long-Term Care Hospital Compare — General Information + Provider Data,2026-02-13
342012,KINDRED HOSPITAL GREENSBORO,2401 SOUTHSIDE BLVD,GREENSBORO,NC,27406,Guilford,For profit,02/01/1994,101,CMS Long-Term Care Hospital Compare — General Information + Provider Data,2026-02-13
342013,PAM SPECIALTY HOSPITAL OF ROCKY MOUNT,1031 NOELL LANE,ROCKY MOUNT,NC,27804,Nash,For profit,07/01/2000,50,CMS Long-Term Care Hospital Compare — General Information + Provider Data,2026-02-13
342014,HIGHSMITH RAINEY MEMORIAL HOSPITAL,150 ROBESON STREET 4TH FLOOR,FAYETTEVILLE,NC,28301,Cumberland,Non-profit,02/01/2003,112,CMS Long-Term Care Hospital Compare — General Information + Provider Data,2026-02-13
342015,CAROLINAS CONTINUECARE HOSPITAL AT PINEVILLE,"10648 PARK RD, 3RD FL",CHARLOTTE,NC,28210,Mecklenburg,Non-profit,08/01/2003,40,CMS Long-Term Care Hospital Compare — General Information + Provider Data,2026-02-13
342018,SELECT SPECIALTY HOSPITAL DURHAM INC,3643 NORTH ROXBORO ROAD 6TH FLOOR,DURHAM,NC,27704,Durham,For profit,02/01/2004,30,CMS Long-Term Care Hospital Compare — General Information + Provider Data,2026-02-13
342020,SELECT SPECIALTY HOSPITAL-GREENSBORO,"1200 NORTH ELM STREET, 5TH FLOOR",GREENSBORO,NC,27401,Guilford,For profit,05/01/2010,30,CMS Long-Term Care Hospital Compare — General Information + Provider Data,2026-02-13
352004,VIBRA HOSPITAL OF FARGO,5225 23RD AVE S,FARGO,ND,58104,Cass,For profit,10/02/1998,31,CMS Long-Term Care Hospital Compare — General Information + Provider Data,2026-02-13
352005,VIBRA HOSPITAL OF CENTRAL DAKOTAS LLC,1000 18TH STREET NW,MANDAN,ND,58554,Morton,Non-profit,09/01/1998,41,CMS Long-Term Care Hospital Compare — General Information + Provider Data,2026-02-13
362015,GRACE HOSPITAL,44 BLAINE AVENUE,BEDFORD,OH,44146,Cuyahoga,Non-profit,07/01/1995,104,CMS Long-Term Care Hospital Compare — General Information + Provider Data,2026-02-13
362016,"SELECT SPECIALTY HOSPITAL-NORTHEAST OHIO, INC","2600 6TH STREET SW, FLOOR 4",CANTON,OH,44710,Stark,For profit,03/01/1997,61,CMS Long-Term Care Hospital Compare — General Information + Provider Data,2026-02-13
362019,"SELECT SPECIALTY HOSPITAL-CINCINNATI, INC","2139 AUBURN AVENUE, 3 WEST",CINCINNATI,OH,45219,Hamilton,Non-profit,08/01/1998,36,CMS Long-Term Care Hospital Compare — General Information + Provider Data,2026-02-13
362020,KINDRED HOSPITAL LIMA,730 W MARKET ST,LIMA,OH,45801,Allen,For profit,02/01/1999,12,CMS Long-Term Care Hospital Compare — General Information + Provider Data,2026-02-13
362022,"SELECT SPECIALTY HOSPITAL-COLUMBUS, INC","1087 DENNISON AVENUE, 2ND FLOOR",COLUMBUS,OH,43201,Franklin,For profit,09/01/1999,186,CMS Long-Term Care Hospital Compare — General Information + Provider Data,2026-02-13
362023,SELECT SPECIALTY HOSPITAL-BOARDMAN,8049 SOUTH AVENUE,BOARDMAN,OH,44512,Mahoning,Non-profit,02/01/2000,45,CMS Long-Term Care Hospital Compare — General Information + Provider Data,2026-02-13
362024,SELECT SPECIALTY HOSPITAL - YOUNGSTOWN,1044 BELMONT AVE,YOUNGSTOWN,OH,44501,Mahoning,For profit,06/23/1999,31,CMS Long-Term Care Hospital Compare — General Information + Provider Data,2026-02-13
362026,SELECT SPECIALTY HOSPITAL- CLEVELAND FAIRHILL,11900 FAIRHILL ROAD,CLEVELAND,OH,44120,Cuyahoga,For profit,10/01/2000,119,CMS Long-Term Care Hospital Compare — General Information + Provider Data,2026-02-13
362027,SELECT SPECIALTY HOSPITAL-AKRON,200 EAST MARKET STREET,AKRON,OH,44308,Summit,For profit,12/01/2000,34,CMS Long-Term Care Hospital Compare — General Information + Provider Data,2026-02-13
362028,PAM HEALTH SPECIALTY HOSPITAL OF MIAMISBURG,2310 CROSSPOINTE FL 1,MIAMISBURG,OH,45342,MONTGOMERY,Non-profit,09/01/2001,44,CMS Long-Term Care Hospital Compare — General Information + Provider Data,2026-02-13
362029,REGENCY HOSPITAL OF CLEVELAND EAST,4200 INTERCHANGE CORPORATE CENTER ROAD,WARRENSVILLE HTS,OH,44128,Cuyahoga,For profit,12/01/2002,142,CMS Long-Term Care Hospital Compare — General Information + Provider Data,2026-02-13
362031,SELECT SPECIALTY HOSPITAL SOUTHEAST OHIO,"200 TAMARACK ROAD, 2ND FLOOR",NEWARK,OH,43055,Licking,For profit,04/01/2004,35,CMS Long-Term Care Hospital Compare — General Information + Provider Data,2026-02-13
362033,KINDRED HOSPITALS-DAYTON,707 EAST EDWIN C MOSES BLVD,DAYTON,OH,45417,Montgomery,Non-profit,03/01/2005,67,CMS Long-Term Care Hospital Compare — General Information + Provider Data,2026-02-13
362036,REGENCY HOSPITAL OF TOLEDO,5220 WEST ALEXIS ROAD,SYLVANIA,OH,43560,Lucas,For profit,01/01/2008,45,CMS Long-Term Care Hospital Compare — General Information + Provider Data,2026-02-13
362037,SELECT SPECIALTY HOSPITAL COLUMBUS,1430 SOUTH HIGH STREET,COLUMBUS,OH,43207,Franklin,For profit,07/01/2008,43,CMS Long-Term Care Hospital Compare — General Information + Provider Data,2026-02-13
362038,ADVANCED SPECIALTY HOSPITAL OF TOLEDO,1015 GARDEN LAKE PARKWAY,TOLEDO,OH,43614,Lucas,For profit,03/01/2009,40,CMS Long-Term Care Hospital Compare — General Information + Provider Data,2026-02-13
372004,PAM HEALTH SPECIALTY HOSPITAL OF OKLAHOMA CITY,1407 NORTH ROBINSON AVENUE,OKLAHOMA CITY,OK,73103,Oklahoma,For profit,10/01/1993,59,CMS Long-Term Care Hospital Compare — General Information + Provider Data,2026-02-13
372005,OKC-AMG SPECIALTY HOSPITAL,"4300 W MEMORIAL RD, 2ND FL",OKLAHOMA CITY,OK,73120,Oklahoma,For profit,06/01/1993,18,CMS Long-Term Care Hospital Compare — General Information + Provider Data,2026-02-13
372007,"SELECT SPECIALTY HOSPITAL - TULSA/MIDTOWN, LLC","744 WEST 9TH STREET, 5 EAST A & 5 B",TULSA,OK,74127,Osage,For profit,09/01/1994,56,CMS Long-Term Care Hospital Compare — General Information + Provider Data,2026-02-13
372009,"SELECT SPECIALTY HOSPITAL - OKLAHOMA CITY, INC",3524 NORTHWEST 56TH STREET,OKLAHOMA CITY,OK,73112,Oklahoma,For profit,02/01/1996,72,CMS Long-Term Care Hospital Compare — General Information + Provider Data,2026-02-13
372012,INSPIRE SPECIALTY HOSPITAL,8210 NATIONAL AVENUE,MIDWEST CITY,OK,73110,Oklahoma,For profit,05/31/1998,31,CMS Long-Term Care Hospital Compare — General Information + Provider Data,2026-02-13
372018,PAM SPECIALTY HOSPITAL OF TULSA,3219 SOUTH 79TH EAST AVENUE,TULSA,OK,74145,Tulsa,For profit,10/01/2004,60,CMS Long-Term Care Hospital Compare — General Information + Provider Data,2026-02-13
372022,CORNERSTONE SPECIALTY HOSPITALS MUSKOGEE,351 SOUTH 40TH STREET,MUSKOGEE,OK,74401,Muskogee,For profit,07/01/2007,64,CMS Long-Term Care Hospital Compare — General Information + Provider Data,2026-02-13
372023,MUSCOGEE (CREEK) NATION LONG TERM ACUTE CARE HOSPI,1401 MORRIS DRIVE,OKMULGEE,OK,74447,Okmulgee,Tribal,10/25/2012,16,CMS Long-Term Care Hospital Compare — General Information + Provider Data,2026-02-13
382004,VIBRA SPECIALTY HOSPITAL OF PORTLAND,10300 NE HANCOCK STREET,PORTLAND,OR,97220,Multnomah,For profit,02/01/2008,73,CMS Long-Term Care Hospital Compare — General Information + Provider Data,2026-02-13
392025,PAM SPECIALTY HOSPITAL OF WILKES-BARRE,"575 NORTH RIVER STREET, 7TH FLOOR",WILKES-BARRE,PA,18764,Luzerne,For profit,01/01/1994,36,CMS Long-Term Care Hospital Compare — General Information + Provider Data,2026-02-13
392027,KINDRED HOSPITAL PHILADELPHIA,6129 PALMETTO STREET,LAWNCREST,PA,19111,Philadelphia,For profit,10/01/1995,52,CMS Long-Term Care Hospital Compare — General Information + Provider Data,2026-02-13
392028,PAM HEALTH SPECIALTY HOSPITAL OF PITTSBURGH,7777 STEUBENVILLE PIKE,OAKDALE,PA,15071,Allegheny,For profit,07/01/1996,63,CMS Long-Term Care Hospital Compare — General Information + Provider Data,2026-02-13
392031,SELECT SPECIALTY HOSPITAL - JOHNSTOWN,320 MAIN STREET,JOHNSTOWN,PA,15901,Cambria,Non-profit,05/01/1999,39,CMS Long-Term Care Hospital Compare — General Information + Provider Data,2026-02-13
392033,GOOD SHEPHERD SPECIALTY HOSPITAL,2545 SCHOENERSVILLE ROAD,BETHLEHEM,PA,18017,Lehigh,Non-profit,07/01/2000,32,CMS Long-Term Care Hospital Compare — General Information + Provider Data,2026-02-13
392036,SELECT SPECIALTY HOSPITAL LAUREL HIGHLANDS INC,ONE MELLON WAY,LATROBE,PA,15650,Westmoreland,For profit,04/01/2001,40,CMS Long-Term Care Hospital Compare — General Information + Provider Data,2026-02-13
392037,SELECT SPECIALTY HOSPITAL - ERIE,252 WEST 11TH STREET,ERIE,PA,16501,Erie,For profit,06/01/2001,50,CMS Long-Term Care Hospital Compare — General Information + Provider Data,2026-02-13
392039,SELECT SPECIALTY HOSPITAL - CENTRAL PA HARRISBURG,111 SOUTH FRONT STREET,HARRISBURG,PA,17101,Dauphin,For profit,01/01/2002,92,CMS Long-Term Care Hospital Compare — General Information + Provider Data,2026-02-13
392043,PAM HEALTH SPECIALITY HOSPITAL AT HERITAGE VALLEY,1000 DUTCH RIDGE ROAD,BEAVER,PA,15009,Beaver,For profit,07/01/2003,35,CMS Long-Term Care Hospital Compare — General Information + Provider Data,2026-02-13
392044,SELECT SPECIALTY HOSPITAL - PITTSBURGH/UPMC,"200 LOTHROP STREET, MUH E824",PITTSBURGH,PA,15213,Allegheny,For profit,07/01/2004,67,CMS Long-Term Care Hospital Compare — General Information + Provider Data,2026-02-13
392045,"SELECT SPECIALTY HOSPITAL - MCKEESPORT, INC",1500 FIFTH AVENUE,MC KEESPORT,PA,15132,Allegheny,For profit,09/01/2004,30,CMS Long-Term Care Hospital Compare — General Information + Provider Data,2026-02-13
392050,GOOD SHEPHERD PENN PARTNERS,1800 LOMBARD STREET,PHILADELPHIA,PA,19146,Philadelphia,Non-profit,04/01/2009,38,CMS Long-Term Care Hospital Compare — General Information + Provider Data,2026-02-13
412001,ELEANOR SLATER HOSPITAL,111 HOWARD AVE,CRANSTON,RI,02921,Providence,Government,07/01/1966,250,CMS Long-Term Care Hospital Compare — General Information + Provider Data,2026-02-13
422004,SPARTANBURG HOSP FOR RESTORATIVE CARE,389 SERPENTINE DR,SPARTANBURG,SC,29303,Spartanburg,Government,10/01/1996,97,CMS Long-Term Care Hospital Compare — General Information + Provider Data,2026-02-13
422005,CHARLESTON-AMG SPECIALITY HOSPITAL INC,1200 HOSPITAL DRIVE,MOUNT PLEASANT,SC,29464,Charleston,For profit,07/01/1999,59,CMS Long-Term Care Hospital Compare — General Information + Provider Data,2026-02-13
422006,PRISMA HEALTH LTACH-BAPTIST,1330 TAYLOR STREET SUITE FL 7,COLUMBIA,SC,29201,Richland,Non-profit,08/01/1999,35,CMS Long-Term Care Hospital Compare — General Information + Provider Data,2026-02-13
422007,REGENCY HOSPITAL OF FLORENCE,"121 EAST CEDAR ST, 4TH FL",FLORENCE,SC,29501,Florence,For profit,02/01/2002,40,CMS Long-Term Care Hospital Compare — General Information + Provider Data,2026-02-13
422008,PRISMA HEALTH NORTH GREENVILLE LTACH,807 NORTH MAIN STREET,TRAVELERS REST,SC,29690,Greenville,Non-profit,03/01/2004,45,CMS Long-Term Care Hospital Compare — General Information + Provider Data,2026-02-13
422009,REGENCY HOSPITAL OF GREENVILLE,"1 ST FRANCIS DRIVE, 4TH FLOOR",GREENVILLE,SC,29601,Greenville,For profit,08/01/2005,32,CMS Long-Term Care Hospital Compare — General Information + Provider Data,2026-02-13
432002,SELECT SPECIALTY HOSPITAL - SOUTH DAKOTA,1305 WEST 18TH STREET,SIOUX FALLS,SD,57105,Minnehaha,For profit,03/01/1998,24,CMS Long-Term Care Hospital Compare — General Information + Provider Data,2026-02-13
432003,REHAB & CRITICAL CARE HOSPITAL OF THE BLACK HILLS,2115 PROMISE ROAD,RAPID CITY,SD,57701,Pennington,For profit,02/01/2025,-,CMS Long-Term Care Hospital Compare — General Information + Provider Data,2026-02-13
442007,KINDRED HOSPITAL - CHATTANOOGA,709 WALNUT STREET,CHATTANOOGA,TN,37402,Hamilton,For profit,10/01/1993,49,CMS Long-Term Care Hospital Compare — General Information + Provider Data,2026-02-13
442010,SELECT SPECIALTY HOSPITAL- MEMPHIS EAST,6019 WALNUT GROVE ROAD 1 WEST,MEMPHIS,TN,38120,Shelby,Non-profit,07/01/1995,30,CMS Long-Term Care Hospital Compare — General Information + Provider Data,2026-02-13
442011,SELECT SPECIALTY HOSPITAL-NASHVILLE,2000 HAYES STREET,NASHVILLE,TN,37203,Davidson,For profit,05/01/1996,70,CMS Long-Term Care Hospital Compare — General Information + Provider Data,2026-02-13
442014,SELECT SPECIALTY HOSPITAL MEMPHIS,1265 UNION AVENUE 10TH FLOOR,MEMPHIS,TN,38104,Shelby,For profit,12/01/1997,30,CMS Long-Term Care Hospital Compare — General Information + Provider Data,2026-02-13
442015,SELECT SPECIALTY HOSPITAL-NORTH KNOXVILLE,7557 B DANNAHER DRIVE SUITE 145,POWELL,TN,37849,Knox,For profit,01/01/1999,68,CMS Long-Term Care Hospital Compare — General Information + Provider Data,2026-02-13
442016,SELECT SPECIALTY HOSPITAL-TRICITIES,"ONE MEDICAL PARK BOULEVARD, 5TH FLOOR",BRISTOL,TN,37620,Sullivan,For profit,11/01/2000,33,CMS Long-Term Care Hospital Compare — General Information + Provider Data,2026-02-13
442017,REGIONAL ONE HEALTH EXTENDED CARE HOSPITAL,"890 MADISON AVENUE, 4TH FLOOR",MEMPHIS,TN,38103,Shelby,Non-profit,02/03/2014,30,CMS Long-Term Care Hospital Compare — General Information + Provider Data,2026-02-13
442018,SELECT SPECIALTY HOSPITAL - WEST TENNESSEE,620 SKYLINE DRIVE 5TH & 6TH FLOORS,JACKSON,TN,38301,Madison,For profit,02/01/2024,50,CMS Long-Term Care Hospital Compare — General Information + Provider Data,2026-02-13
452016,KINDRED HOSPITAL SAN ANTONIO,3636 MEDICAL DRIVE,SAN ANTONIO,TX,78229,Bexar,For profit,02/08/1989,59,CMS Long-Term Care Hospital Compare — General Information + Provider Data,2026-02-13
452018,TEXAS HEALTH SPECIALTY HOSPITAL FORT WORTH,1300 PENNSYLVANIA 4TH FLOOR MAIN BLDG,FORT WORTH,TX,76104,Tarrant,Non-profit,04/03/1990,15,CMS Long-Term Care Hospital Compare — General Information + Provider Data,2026-02-13
452022,SELECT SPECIALTY HOSPITAL-DALLAS,1100 ALLIED DRIVE FL 4,PLANO,TX,75093,Collin,For profit,11/30/1991,60,CMS Long-Term Care Hospital Compare — General Information + Provider Data,2026-02-13
452023,KINDRED HOSPITAL HOUSTON MEDICAL CENTER,6441 MAIN ST,HOUSTON,TX,77030,Harris,For profit,02/01/1992,110,CMS Long-Term Care Hospital Compare — General Information + Provider Data,2026-02-13
452028,KINDRED HOSPITAL-TARRANT COUNTY,1000 N COOPER ST,ARLINGTON,TX,76011,Tarrant,For profit,07/01/1993,80,CMS Long-Term Care Hospital Compare — General Information + Provider Data,2026-02-13
452029,CONTINUECARE HOSPITAL AT HENDRICK MEDICAL CENTER,1900 PINE ST 7TH FLOOR,ABILENE,TX,79601,Taylor,Non-profit,09/01/1993,46,CMS Long-Term Care Hospital Compare — General Information + Provider Data,2026-02-13
452032,VIBRA HOSPITAL OF CLEAR LAKE,709 MEDICAL CENTER BLVD,WEBSTER,TX,77598,Harris,For profit,01/01/1994,148,CMS Long-Term Care Hospital Compare — General Information + Provider Data,2026-02-13
452034,CORNERSTONE SPECIALTY HOSPITALS ROUND ROCK,4207 BURNET RD,AUSTIN,TX,78756,Travis,For profit,03/01/1994,54,CMS Long-Term Care Hospital Compare — General Information + Provider Data,2026-02-13
452038,TEXAS NEURO REHABILITATION CENTER,1106 W DITTMAR,AUSTIN,TX,78745,Travis,For profit,07/01/1994,47,CMS Long-Term Care Hospital Compare — General Information + Provider Data,2026-02-13
452039,KINDRED HOSPITAL HOUSTON NW,11297 FALLBROOK,HOUSTON,TX,77065,Harris,For profit,06/01/1994,158,CMS Long-Term Care Hospital Compare — General Information + Provider Data,2026-02-13
452041,CARRUS SPECIALTY HOSPITAL,1810 WEST HIGHWAY 82,SHERMAN,TX,75092,Grayson,For profit,07/01/1994,33,CMS Long-Term Care Hospital Compare — General Information + Provider Data,2026-02-13
452044,LIFECARE HOSPITALS OF NORTH TEXAS,2329 PARKER ROAD,CARROLLTON,TX,75010,Denton,For profit,09/16/1994,206,CMS Long-Term Care Hospital Compare — General Information + Provider Data,2026-02-13
452046,VIBRA HOSPITAL OF HOUSTON,"1300 BINZ ST, 3RD FLOOR",HOUSTON,TX,77047,Harris,For profit,01/01/1995,65,CMS Long-Term Care Hospital Compare — General Information + Provider Data,2026-02-13
452059,PAM SPECIALTY HOSPITAL OF SAN ANTONIO MEDICAL CEN,8902 FLOYD CURL DR.,SAN ANTONIO,TX,78240,Bexar,For profit,09/01/1998,62,CMS Long-Term Care Hospital Compare — General Information + Provider Data,2026-02-13
452060,TEXAS SPECIALTY HOSPITAL,1540 RESEARCH ST,AMARILLO,TX,79124,Potter,For profit,08/01/1998,37,CMS Long-Term Care Hospital Compare — General Information + Provider Data,2026-02-13
452061,POST ACUTE MEDICAL SPECIALTY HOSPITAL OF TEXARKANA,2400 ST MICHAEL DRIVE 2ND FLOOR,TEXARKANA,TX,75503,Bowie,For profit,02/01/1999,49,CMS Long-Term Care Hospital Compare — General Information + Provider Data,2026-02-13
452062,POST ACUTE MEDICAL AT LULING LLC,200 MEMORIAL DRIVE,LULING,TX,78648,CALDWELL,For profit,09/01/1998,34,CMS Long-Term Care Hospital Compare — General Information + Provider Data,2026-02-13
452068,HIGHCREST HOSPITAL OF WICHITA FALLS,1103 GRACE STREET,WICHITA FALLS,TX,76301,Wichita,For profit,04/29/1998,31,CMS Long-Term Care Hospital Compare — General Information + Provider Data,2026-02-13
452073,KINDRED HOSPITAL- SAN ANTONIO CENTRAL,111 DALLAS STREET 4TH FLOOR,SAN ANTONIO,TX,78205,Bexar,For profit,09/27/2000,44,CMS Long-Term Care Hospital Compare — General Information + Provider Data,2026-02-13
452075,KINDRED HOSPITAL CLEAR LAKE,350 BLOSSOM ST,WEBSTER,TX,77598,Harris,For profit,09/01/2000,147,CMS Long-Term Care Hospital Compare — General Information + Provider Data,2026-02-13
452079,KINDRED HOSPTIAL EL PASO,1740 CURIE DRIVE,EL PASO,TX,79902,El Paso,For profit,02/28/2002,72,CMS Long-Term Care Hospital Compare — General Information + Provider Data,2026-02-13
452080,KINDRED HOSPITAL SUGAR LAND,1550 FIRST COLONY BOULEVARD,SUGAR LAND,TX,77479,Fort Bend,For profit,03/01/2003,171,CMS Long-Term Care Hospital Compare — General Information + Provider Data,2026-02-13
452083,MID-JEFFERSON EXTENDED CARE HOSPITAL,860 8TH ST,BEAUMONT,TX,77701,Jefferson,For profit,10/01/2003,48,CMS Long-Term Care Hospital Compare — General Information + Provider Data,2026-02-13
452086,POST ACUTE MEDICAL SPECIALTY HOSPITAL CORPUS CH,600 ELIZABETH STREET 3RD FL,CORPUS CHRISTI,TX,78404,Nueces,For profit,04/01/2004,41,CMS Long-Term Care Hospital Compare — General Information + Provider Data,2026-02-13
452090,PAM SPECIALTY HOSPITAL OF SAN ANTONIO,5418 N LOOP 1604 W,SAN ANTONIO,TX,78249,Bexar,For profit,11/20/2003,26,CMS Long-Term Care Hospital Compare — General Information + Provider Data,2026-02-13
452091,TYLER CONTINUECARE HOSPITAL,"700 E MARSHALL AVE, 1ST FLOOR-WEST WING",LONGVIEW,TX,75601,Gregg,Non-profit,06/02/2004,51,CMS Long-Term Care Hospital Compare — General Information + Provider Data,2026-02-13
452094,PAM SPECIALTY HOSPITAL OF VICTORIA NORTH,102 MEDICAL DRIVE,VICTORIA,TX,77904,Victoria,For profit,09/01/2005,42,CMS Long-Term Care Hospital Compare — General Information + Provider Data,2026-02-13
452095,SOLARA SPECIALTY HOSPITAL MCALLEN,301 WEST EXPRESSWAY 83-8TH FLOOR,MC ALLEN,TX,78503,Hidalgo,For profit,10/01/2005,53,CMS Long-Term Care Hospital Compare — General Information + Provider Data,2026-02-13
452097,CORALVITA RICHARDSON,401 WEST CAMPBELL ROAD SUITE 300,RICHARDSON,TX,75080,Dallas,For profit,08/01/2007,60,CMS Long-Term Care Hospital Compare — General Information + Provider Data,2026-02-13
452100,MESQUITE SPECIALTY HOSPITAL,1024 N GALLOWAY AVENUE,MESQUITE,TX,75149,Dallas,For profit,06/01/2007,40,CMS Long-Term Care Hospital Compare — General Information + Provider Data,2026-02-13
452101,SOLARA SPECIALTY HOSPITALS HARLINGEN,508 VICTORIA LANE,HARLINGEN,TX,78550,Cameron,For profit,08/01/2007,82,CMS Long-Term Care Hospital Compare — General Information + Provider Data,2026-02-13
452102,COVENANT SPECIALTY HOSPITAL,3815 20TH STREET,LUBBOCK,TX,79410,Lubbock,For profit,10/01/2007,56,CMS Long-Term Care Hospital Compare — General Information + Provider Data,2026-02-13
452105,BAYLOR SCOTT & WHITE CONTINUING CARE HOSPITAL,546 N KEGLEY ROAD,TEMPLE,TX,76502,Bell,Non-profit,01/01/2008,50,CMS Long-Term Care Hospital Compare — General Information + Provider Data,2026-02-13
452106,WARM SPRINGS SPECIALTY HOSPITAL OF NEW BRAUNFELS,1445 HANZ DRIVE,NEW BRAUNFELS,TX,78130,Comal,For profit,05/01/2008,32,CMS Long-Term Care Hospital Compare — General Information + Provider Data,2026-02-13
452107,CORNERSTONE HOSPITAL CONROE,1500 GRAND LAKE DRIVE,CONROE,TX,77304,Montgomery,For profit,11/13/2007,41,CMS Long-Term Care Hospital Compare — General Information + Provider Data,2026-02-13
452108,KINDRED HOSPITAL DALLAS CENTRAL,8050 MEADOWS ROAD,DALLAS,TX,75231,Dallas,For profit,07/01/2008,60,CMS Long-Term Care Hospital Compare — General Information + Provider Data,2026-02-13
452114,ATRIUM MEDICAL CENTER,"11929 W AIRPORT BLVD, SUITE 110",STAFFORD,TX,77477,Fort Bend,Physician,08/30/2007,68,CMS Long-Term Care Hospital Compare — General Information + Provider Data,2026-02-13
452118,HOUSTON METHODIST CONTINUING CARE HOSPITAL,701 S FRY ROAD,KATY,TX,77450,Harris,Non-profit,08/01/2014,102,CMS Long-Term Care Hospital Compare — General Information + Provider Data,2026-02-13
452121,CONTINUECARE HOSPITAL AT MEDICAL CENTER ODESSA,"500 WEST 4TH STREET , 4TH FLOOR",ODESSA,TX,79761,Ector,Non-profit,02/01/2016,25,CMS Long-Term Care Hospital Compare — General Information + Provider Data,2026-02-13
452122,EL PASO LTAC HOSPTIAL,1221 N COTTON ST 3RD FLOOR,EL PASO,TX,79902,El Paso,Physician,07/01/2019,33,CMS Long-Term Care Hospital Compare — General Information + Provider Data,2026-02-13
462004,SALT LAKE SPECIALTY HOSPITAL,4252 SOUTH BIRKHILL BOULEVARD,MURRAY,UT,84107,Salt Lake,For profit,02/01/2003,41,CMS Long-Term Care Hospital Compare — General Information + Provider Data,2026-02-13
462005,UTAH VALLEY SPECIALTY HOSPITAL,306 WEST RIVER BEND LANE,PROVO,UT,84604,Utah,For profit,07/01/2007,40,CMS Long-Term Care Hospital Compare — General Information + Provider Data,2026-02-13
492001,LAKE TAYLOR TRANSITIONAL CARE HOSPITAL,1309 KEMPSVILLE ROAD,NORFOLK,VA,23502,Norfolk City,Government,07/01/1966,296,CMS Long-Term Care Hospital Compare — General Information + Provider Data,2026-02-13
492007,HOSPITAL FOR EXTENDED RECOVERY,600 GRESHAM DRIVE SUITE 700,NORFOLK,VA,23507,Norfolk City,Non-profit,06/01/2002,35,CMS Long-Term Care Hospital Compare — General Information + Provider Data,2026-02-13
492008,SELECT SPECIALTY HOSPITAL - HAMPTON ROADS,500 J CLYDE MORRIS BLVD - 4TH FLOOR,NEWPORT NEWS,VA,23601,Newport News City,Non-profit,05/01/2006,25,CMS Long-Term Care Hospital Compare — General Information + Provider Data,2026-02-13
492009,SELECT SPECIALITY HOSPITAL - RICHMOND INC,2220 EDWARD HOLLAND DRIVE,RICHMOND,VA,23230,Henrico,For profit,05/01/2008,60,CMS Long-Term Care Hospital Compare — General Information + Provider Data,2026-02-13
492010,CENTRA SPECIALTY HOSPITAL,"3300 RIVERMONT AVENUE, KRISE BUILDING, 5TH FLOOR",LYNCHBURG,VA,24503,Lynchburg City,Non-profit,01/01/2008,36,CMS Long-Term Care Hospital Compare — General Information + Provider Data,2026-02-13
492012,INOVA SPECIALTY HOSPITAL,"2501 PARKERS LANE, 4TH FLOOR",ALEXANDRIA,VA,22306,Fairfax,For profit,04/01/2024,-,CMS Long-Term Care Hospital Compare — General Information + Provider Data,2026-02-13
502002,KINDRED HOSPITAL-SEATTLE,1334 TERRY AVE,SEATTLE,WA,98101,King,For profit,01/01/1995,80,CMS Long-Term Care Hospital Compare — General Information + Provider Data,2026-02-13
512002,SELECT SPECIALTY HOSPITAL - CHARLESTON,"3200 MACCORKLE AVE SE, 3N & 3E",CHARLESTON,WV,25304,Kanawha,Non-profit,09/01/2002,32,CMS Long-Term Care Hospital Compare — General Information + Provider Data,2026-02-13
512003,"CORNERSTONE SPECIALTY HOSPITALS HUNTINGTON, LLC","2900 FIRST AVENUE, 2E",HUNTINGTON,WV,25702,Cabell,For profit,11/01/2005,28,CMS Long-Term Care Hospital Compare — General Information + Provider Data,2026-02-13
512004,SELECT SPECIALTY HOSPITAL - MORGANTOWN,"1200 JD ANDERSON DRIVE, 4TH FLOOR",MORGANTOWN,WV,26505,Monongalia,For profit,08/01/2020,25,CMS Long-Term Care Hospital Compare — General Information + Provider Data,2026-02-13
512005,SELECT SPECIALTY HOSPITAL - WEIRTON,601 COLLIERS WAY 9TH FLOOR,WEIRTON,WV,26062,Hancock,For profit,04/01/2006,49,CMS Long-Term Care Hospital Compare — General Information + Provider Data,2026-02-13
522005,LAKEVIEW SPECIALTY HOSPITAL & REHAB CENTER,1701 SHARP ROAD,WATERFORD,WI,53185,Racine,For profit,10/01/1998,39,CMS Long-Term Care Hospital Compare — General Information + Provider Data,2026-02-13
522006,SELECT SPECIALTY HOSPITAL MILWAUKEE,8901 W LINCOLN AVE 2ND FLOOR,WEST ALLIS,WI,53227,Milwaukee,For profit,10/31/1999,63,CMS Long-Term Care Hospital Compare — General Information + Provider Data,2026-02-13
522008,SELECT SPECIALTY HOSPITAL MADISON,801 BRAXTON PLACE,MADISON,WI,53715,Dane,For profit,06/01/2007,23,CMS Long-Term Care Hospital Compare — General Information + Provider Data,2026-02-13
