ccn,dtc_rs_rate,selfcare_fn_pct,hcp_flu_pct,med_review_pct,vent_weaning_pct,readmission_rsrr,mspb_score,pressure_ulcer_rate,falls_major_injury_rate,cauti_sir,clabsi_sir,cdi_sir,source,source_date
012006,18.53,29.65,66.4,97.95,69.78,19.93,1.04,3.36,0.0,3.015,0.747,0.999,CMS Long-Term Care Hospital Compare — General Information + Provider Data,2026-02-13
012008,13.85,44.64,43.26,99.23,59.65,22.43,1.06,1.87,0.0,0.451,1.017,0.0,CMS Long-Term Care Hospital Compare — General Information + Provider Data,2026-02-13
012009,12.98,53.96,91.78,95.74,49.17,20.57,0.9,2.42,0.0,1.118,2.315,0.197,CMS Long-Term Care Hospital Compare — General Information + Provider Data,2026-02-13
012010,14.03,50.0,90.97,93.43,67.19,18.42,1.0,0.0,0.0,0.0,,0.0,CMS Long-Term Care Hospital Compare — General Information + Provider Data,2026-02-13
012011,12.88,46.94,85.45,98.67,68.59,21.94,0.9,0.54,0.44,2.615,4.042,1.464,CMS Long-Term Care Hospital Compare — General Information + Provider Data,2026-02-13
012012,17.76,49.47,95.56,99.4,,22.18,1.04,0.74,0.0,0.671,,0.0,CMS Long-Term Care Hospital Compare — General Information + Provider Data,2026-02-13
012014,18.68,34.39,29.08,94.69,67.57,23.41,0.97,6.38,0.0,1.114,0.91,0.342,CMS Long-Term Care Hospital Compare — General Information + Provider Data,2026-02-13
022001,23.3,69.77,80.29,96.61,,20.01,1.13,3.74,0.0,1.635,1.101,0.182,CMS Long-Term Care Hospital Compare — General Information + Provider Data,2026-02-13
032001,11.26,37.04,75.84,99.5,62.52,19.12,1.0,0.0,0.0,0.0,0.321,0.148,CMS Long-Term Care Hospital Compare — General Information + Provider Data,2026-02-13
032002,18.32,58.79,77.17,87.5,75.02,20.79,1.01,1.35,0.0,1.464,0.356,0.0,CMS Long-Term Care Hospital Compare — General Information + Provider Data,2026-02-13
032004,20.8,67.86,46.06,80.47,64.52,19.91,1.01,1.92,0.0,2.053,0.468,0.741,CMS Long-Term Care Hospital Compare — General Information + Provider Data,2026-02-13
032005,14.18,42.41,77.78,22.0,72.69,18.82,0.93,0.36,0.33,0.439,0.351,0.124,CMS Long-Term Care Hospital Compare — General Information + Provider Data,2026-02-13
032006,18.11,55.78,,98.71,,21.54,0.95,8.15,0.0,,,,CMS Long-Term Care Hospital Compare — General Information + Provider Data,2026-02-13
042004,16.35,53.13,93.36,97.93,64.03,22.83,0.96,6.04,0.0,0.642,1.817,0.129,CMS Long-Term Care Hospital Compare — General Information + Provider Data,2026-02-13
042008,24.09,64.29,48.0,99.62,58.73,24.08,0.84,2.27,0.0,2.317,2.311,0.169,CMS Long-Term Care Hospital Compare — General Information + Provider Data,2026-02-13
042009,13.55,46.71,43.06,97.54,70.12,19.08,1.02,0.0,0.0,0.521,1.664,0.0,CMS Long-Term Care Hospital Compare — General Information + Provider Data,2026-02-13
042010,17.92,54.6,81.82,99.63,61.82,20.56,0.89,0.98,0.37,0.0,0.641,0.763,CMS Long-Term Care Hospital Compare — General Information + Provider Data,2026-02-13
042011,20.4,74.07,26.14,96.43,63.4,21.3,0.84,0.0,0.0,1.745,1.368,1.225,CMS Long-Term Care Hospital Compare — General Information + Provider Data,2026-02-13
042012,16.56,50.57,56.36,100.0,64.88,19.66,0.99,0.91,0.0,0.555,0.0,0.267,CMS Long-Term Care Hospital Compare — General Information + Provider Data,2026-02-13
042013,13.45,31.25,,100.0,,21.53,0.92,5.99,1.23,0.772,0.359,0.356,CMS Long-Term Care Hospital Compare — General Information + Provider Data,2026-02-13
052031,17.56,43.9,36.48,99.55,69.24,25.14,0.98,0.81,0.15,0.243,0.722,0.546,CMS Long-Term Care Hospital Compare — General Information + Provider Data,2026-02-13
052032,12.57,55.5,67.78,99.71,58.03,23.61,1.11,3.13,0.0,1.123,0.756,0.71,CMS Long-Term Care Hospital Compare — General Information + Provider Data,2026-02-13
052033,15.55,43.14,68.18,93.35,56.05,24.22,0.93,1.43,0.26,1.551,1.743,0.17,CMS Long-Term Care Hospital Compare — General Information + Provider Data,2026-02-13
052034,11.49,51.91,74.62,98.9,40.21,21.87,1.11,4.99,0.28,0.375,0.081,0.23,CMS Long-Term Care Hospital Compare — General Information + Provider Data,2026-02-13
052035,15.24,64.81,69.83,99.73,45.04,22.27,1.13,0.58,0.0,0.94,0.753,0.432,CMS Long-Term Care Hospital Compare — General Information + Provider Data,2026-02-13
052036,19.42,46.67,66.67,98.14,57.23,19.49,1.04,0.6,0.53,0.488,0.677,0.349,CMS Long-Term Care Hospital Compare — General Information + Provider Data,2026-02-13
052037,9.88,35.15,80.96,100.0,48.45,21.15,1.0,8.22,0.0,0.349,0.843,0.271,CMS Long-Term Care Hospital Compare — General Information + Provider Data,2026-02-13
052038,14.78,47.92,49.93,90.33,47.86,27.56,1.11,1.07,0.0,0.558,0.725,0.491,CMS Long-Term Care Hospital Compare — General Information + Provider Data,2026-02-13
052039,12.65,39.65,72.19,96.92,45.49,22.99,1.1,1.25,0.0,0.0,0.0,0.124,CMS Long-Term Care Hospital Compare — General Information + Provider Data,2026-02-13
052043,11.82,34.39,78.95,93.65,45.4,22.08,0.98,7.82,0.15,1.261,2.341,0.473,CMS Long-Term Care Hospital Compare — General Information + Provider Data,2026-02-13
052044,14.33,45.64,70.57,98.83,55.77,22.1,1.02,0.7,0.0,0.289,0.127,0.099,CMS Long-Term Care Hospital Compare — General Information + Provider Data,2026-02-13
052045,12.44,36.84,62.86,100.0,49.57,28.29,1.09,0.0,0.0,0.0,0.755,0.259,CMS Long-Term Care Hospital Compare — General Information + Provider Data,2026-02-13
052046,15.44,39.22,78.48,100.0,43.69,25.26,1.04,0.11,0.0,0.0,0.0,0.07,CMS Long-Term Care Hospital Compare — General Information + Provider Data,2026-02-13
052047,21.89,80.98,63.54,99.45,53.49,18.87,0.9,1.61,0.0,0.496,0.657,0.223,CMS Long-Term Care Hospital Compare — General Information + Provider Data,2026-02-13
052049,16.69,28.92,58.09,97.49,35.56,23.26,0.98,6.63,0.0,1.058,1.241,0.327,CMS Long-Term Care Hospital Compare — General Information + Provider Data,2026-02-13
052050,17.05,46.83,57.14,100.0,44.19,21.83,1.07,4.44,0.23,0.437,1.077,0.697,CMS Long-Term Care Hospital Compare — General Information + Provider Data,2026-02-13
052052,11.63,45.83,53.7,99.4,42.58,21.64,0.95,4.4,0.0,0.477,1.051,0.379,CMS Long-Term Care Hospital Compare — General Information + Provider Data,2026-02-13
052054,16.04,40.3,56.7,100.0,45.38,24.39,1.08,3.99,0.0,0.855,1.099,0.0,CMS Long-Term Care Hospital Compare — General Information + Provider Data,2026-02-13
052055,11.45,5.04,60.24,38.25,21.58,21.37,1.07,0.22,0.0,1.985,3.191,0.336,CMS Long-Term Care Hospital Compare — General Information + Provider Data,2026-02-13
052057,11.39,30.67,71.85,91.06,42.17,21.99,1.0,0.57,0.24,2.192,0.55,0.252,CMS Long-Term Care Hospital Compare — General Information + Provider Data,2026-02-13
062009,11.32,64.53,89.07,58.93,55.3,,1.06,6.2,0.31,1.158,0.532,0.124,CMS Long-Term Care Hospital Compare — General Information + Provider Data,2026-02-13
062011,,74.5,96.83,91.01,64.93,,,1.46,0.19,2.41,,0.237,CMS Long-Term Care Hospital Compare — General Information + Provider Data,2026-02-13
062012,12.97,63.23,87.06,98.84,69.21,20.62,1.08,1.93,0.19,0.249,0.131,0.197,CMS Long-Term Care Hospital Compare — General Information + Provider Data,2026-02-13
062013,12.97,58.43,97.02,54.52,58.79,,1.01,3.16,0.0,0.49,0.0,0.0,CMS Long-Term Care Hospital Compare — General Information + Provider Data,2026-02-13
062014,14.06,76.36,68.02,99.76,65.61,19.38,1.05,3.7,0.0,0.54,0.4,0.162,CMS Long-Term Care Hospital Compare — General Information + Provider Data,2026-02-13
062017,21.24,49.1,70.29,95.71,64.34,19.25,0.93,7.44,0.0,0.904,0.0,0.498,CMS Long-Term Care Hospital Compare — General Information + Provider Data,2026-02-13
072003,39.78,64.57,92.97,96.62,64.25,15.76,0.88,1.18,0.07,1.849,0.0,0.786,CMS Long-Term Care Hospital Compare — General Information + Provider Data,2026-02-13
072004,41.1,73.63,95.98,96.66,,18.32,0.79,1.86,0.12,0.2,0.068,0.029,CMS Long-Term Care Hospital Compare — General Information + Provider Data,2026-02-13
082000,14.76,46.8,52.12,100.0,73.15,19.25,0.98,0.0,0.0,1.255,0.841,0.086,CMS Long-Term Care Hospital Compare — General Information + Provider Data,2026-02-13
092002,11.26,19.4,68.94,91.65,33.43,19.98,0.96,6.09,0.0,1.417,0.134,0.504,CMS Long-Term Care Hospital Compare — General Information + Provider Data,2026-02-13
092003,11.87,31.56,97.9,92.2,27.69,20.78,0.91,8.76,0.0,0.488,0.443,0.068,CMS Long-Term Care Hospital Compare — General Information + Provider Data,2026-02-13
102001,9.03,56.92,33.79,99.56,73.0,23.55,1.13,0.2,0.22,0.0,0.474,0.028,CMS Long-Term Care Hospital Compare — General Information + Provider Data,2026-02-13
102003,17.51,52.63,39.52,98.57,62.19,20.8,1.07,0.25,0.0,1.131,0.598,0.072,CMS Long-Term Care Hospital Compare — General Information + Provider Data,2026-02-13
102009,10.58,35.63,58.58,99.12,54.76,22.57,1.03,1.25,0.0,0.664,0.967,0.73,CMS Long-Term Care Hospital Compare — General Information + Provider Data,2026-02-13
102010,9.63,42.88,55.42,97.97,55.52,21.91,1.11,0.9,0.0,0.401,0.215,0.255,CMS Long-Term Care Hospital Compare — General Information + Provider Data,2026-02-13
102012,14.68,55.69,42.31,99.74,58.32,22.31,1.01,1.78,0.0,0.951,1.029,0.21,CMS Long-Term Care Hospital Compare — General Information + Provider Data,2026-02-13
102013,14.94,32.14,60.27,89.8,43.21,22.13,1.04,1.06,0.0,0.623,0.355,0.552,CMS Long-Term Care Hospital Compare — General Information + Provider Data,2026-02-13
102015,10.35,42.91,49.35,100.0,58.37,22.57,1.16,0.56,0.0,1.117,2.028,0.823,CMS Long-Term Care Hospital Compare — General Information + Provider Data,2026-02-13
102017,18.03,47.48,55.1,98.24,66.41,19.57,0.99,0.3,0.0,0.989,2.42,0.517,CMS Long-Term Care Hospital Compare — General Information + Provider Data,2026-02-13
102018,12.79,58.54,63.86,95.81,58.47,23.71,0.99,1.61,0.0,0.689,1.586,0.094,CMS Long-Term Care Hospital Compare — General Information + Provider Data,2026-02-13
102019,19.25,41.94,30.85,92.06,45.38,21.26,0.96,5.1,0.47,0.0,,0.516,CMS Long-Term Care Hospital Compare — General Information + Provider Data,2026-02-13
102020,18.34,51.32,37.44,99.43,68.22,19.65,1.0,0.37,0.0,0.568,0.716,0.087,CMS Long-Term Care Hospital Compare — General Information + Provider Data,2026-02-13
102021,21.32,41.79,34.62,79.48,62.95,21.49,1.01,0.0,0.0,0.269,1.558,0.113,CMS Long-Term Care Hospital Compare — General Information + Provider Data,2026-02-13
102022,9.44,36.33,56.87,96.22,64.26,19.77,1.02,0.51,0.0,0.942,2.408,0.079,CMS Long-Term Care Hospital Compare — General Information + Provider Data,2026-02-13
102023,14.81,32.21,33.63,98.41,64.95,19.81,1.11,1.41,0.0,0.0,0.0,0.099,CMS Long-Term Care Hospital Compare — General Information + Provider Data,2026-02-13
102024,12.86,42.89,50.68,98.1,65.1,22.09,1.07,1.53,0.0,0.379,0.294,0.0,CMS Long-Term Care Hospital Compare — General Information + Provider Data,2026-02-13
102025,10.19,40.82,15.44,95.29,75.02,21.79,1.13,0.48,0.0,0.502,2.391,0.127,CMS Long-Term Care Hospital Compare — General Information + Provider Data,2026-02-13
102026,17.22,54.55,59.21,99.72,70.5,23.07,1.06,1.66,0.0,0.441,0.232,0.685,CMS Long-Term Care Hospital Compare — General Information + Provider Data,2026-02-13
102027,16.36,47.68,21.61,85.84,62.0,21.85,1.01,1.68,0.34,0.661,0.0,0.972,CMS Long-Term Care Hospital Compare — General Information + Provider Data,2026-02-13
102028,14.75,57.46,42.15,96.79,65.76,25.1,1.01,0.0,0.0,0.205,0.918,0.08,CMS Long-Term Care Hospital Compare — General Information + Provider Data,2026-02-13
102029,17.26,31.0,52.08,98.96,59.03,21.17,1.03,1.51,0.0,1.963,0.665,0.095,CMS Long-Term Care Hospital Compare — General Information + Provider Data,2026-02-13
102030,12.71,60.5,26.95,97.93,71.83,21.03,1.01,0.0,0.0,1.073,1.673,0.61,CMS Long-Term Care Hospital Compare — General Information + Provider Data,2026-02-13
102031,11.24,55.97,54.24,99.55,74.43,21.32,1.2,0.0,0.15,0.178,0.0,0.055,CMS Long-Term Care Hospital Compare — General Information + Provider Data,2026-02-13
112000,17.78,54.39,86.36,97.87,66.45,21.66,0.99,4.91,0.0,0.367,0.0,0.0,CMS Long-Term Care Hospital Compare — General Information + Provider Data,2026-02-13
112003,75.43,69.69,76.26,97.26,59.31,18.3,1.04,0.79,0.11,1.449,0.0,0.142,CMS Long-Term Care Hospital Compare — General Information + Provider Data,2026-02-13
112004,13.54,33.21,62.9,98.25,59.09,23.44,1.1,2.93,0.0,0.916,0.784,0.199,CMS Long-Term Care Hospital Compare — General Information + Provider Data,2026-02-13
112006,18.23,45.02,92.8,96.14,55.75,22.82,1.04,1.75,0.23,1.279,1.135,0.519,CMS Long-Term Care Hospital Compare — General Information + Provider Data,2026-02-13
112007,28.05,38.69,40.36,0.38,74.71,21.77,0.99,1.08,0.38,0.869,1.114,0.253,CMS Long-Term Care Hospital Compare — General Information + Provider Data,2026-02-13
112011,9.7,49.07,52.87,99.69,65.79,23.28,1.05,1.1,0.0,0.574,1.37,0.0,CMS Long-Term Care Hospital Compare — General Information + Provider Data,2026-02-13
112012,14.21,30.19,80.11,100.0,51.82,23.28,0.96,3.52,0.0,1.098,0.0,0.252,CMS Long-Term Care Hospital Compare — General Information + Provider Data,2026-02-13
112013,18.01,43.09,66.49,74.18,68.65,20.73,1.04,0.64,0.0,0.964,0.445,0.0,CMS Long-Term Care Hospital Compare — General Information + Provider Data,2026-02-13
112016,19.3,44.38,71.91,97.65,57.45,18.6,0.95,3.82,0.2,0.0,0.147,0.0,CMS Long-Term Care Hospital Compare — General Information + Provider Data,2026-02-13
112017,26.81,59.89,65.03,95.75,59.21,23.0,0.94,6.41,0.0,1.038,2.007,0.36,CMS Long-Term Care Hospital Compare — General Information + Provider Data,2026-02-13
112018,16.44,67.98,27.66,97.88,49.11,20.2,1.0,2.87,0.0,1.124,0.14,0.0,CMS Long-Term Care Hospital Compare — General Information + Provider Data,2026-02-13
122001,,,64.47,,,,,,,,,,CMS Long-Term Care Hospital Compare — General Information + Provider Data,2026-02-13
132001,17.89,41.95,75.69,98.59,53.46,18.39,0.92,3.75,0.35,0.759,0.0,0.158,CMS Long-Term Care Hospital Compare — General Information + Provider Data,2026-02-13
132002,17.78,63.27,78.14,95.65,66.59,18.07,0.95,5.44,0.32,3.363,2.708,0.0,CMS Long-Term Care Hospital Compare — General Information + Provider Data,2026-02-13
142008,15.54,73.7,86.96,93.54,49.05,22.85,1.02,3.85,0.0,0.524,1.682,0.233,CMS Long-Term Care Hospital Compare — General Information + Provider Data,2026-02-13
142010,15.3,34.56,93.46,99.79,51.39,21.92,1.08,3.1,0.0,0.206,0.632,0.708,CMS Long-Term Care Hospital Compare — General Information + Provider Data,2026-02-13
142011,12.67,29.93,73.23,99.86,63.24,23.45,1.11,2.44,0.0,0.37,1.201,0.51,CMS Long-Term Care Hospital Compare — General Information + Provider Data,2026-02-13
142013,18.21,43.54,84.85,90.7,69.27,22.25,0.87,2.33,0.0,1.478,1.38,0.0,CMS Long-Term Care Hospital Compare — General Information + Provider Data,2026-02-13
142015,,,,,,,,,,,,,CMS Long-Term Care Hospital Compare — General Information + Provider Data,2026-02-13
152007,12.95,47.75,85.64,94.28,64.72,21.72,0.99,1.0,0.0,0.791,0.0,0.128,CMS Long-Term Care Hospital Compare — General Information + Provider Data,2026-02-13
152013,11.92,38.36,62.64,77.87,77.1,23.13,0.92,1.94,0.0,1.931,0.309,0.157,CMS Long-Term Care Hospital Compare — General Information + Provider Data,2026-02-13
152014,11.68,32.96,76.8,99.55,62.76,20.28,1.03,1.91,0.0,0.63,0.488,0.077,CMS Long-Term Care Hospital Compare — General Information + Provider Data,2026-02-13
152020,18.92,44.2,94.16,98.36,72.36,19.0,0.94,0.54,0.0,0.336,0.322,0.6,CMS Long-Term Care Hospital Compare — General Information + Provider Data,2026-02-13
152024,15.71,33.01,73.1,98.51,68.42,23.15,0.99,1.33,0.0,1.038,1.167,0.25,CMS Long-Term Care Hospital Compare — General Information + Provider Data,2026-02-13
152025,16.72,41.94,62.05,99.74,51.66,23.29,0.89,4.55,0.0,1.894,0.452,0.789,CMS Long-Term Care Hospital Compare — General Information + Provider Data,2026-02-13
152028,14.06,60.14,48.31,99.59,62.26,22.29,0.9,1.75,0.0,0.494,0.0,0.188,CMS Long-Term Care Hospital Compare — General Information + Provider Data,2026-02-13
162001,17.12,58.23,72.12,96.28,68.2,21.09,0.99,1.22,0.47,1.183,0.962,0.443,CMS Long-Term Care Hospital Compare — General Information + Provider Data,2026-02-13
162003,13.5,57.72,61.59,95.95,58.01,21.53,0.95,0.44,0.0,0.626,0.0,0.413,CMS Long-Term Care Hospital Compare — General Information + Provider Data,2026-02-13
172004,12.21,48.84,81.37,100.0,,24.12,0.96,1.35,0.0,0.0,0.818,0.0,CMS Long-Term Care Hospital Compare — General Information + Provider Data,2026-02-13
172005,17.18,45.52,63.56,99.75,72.34,19.09,0.98,0.27,0.25,0.754,0.978,0.383,CMS Long-Term Care Hospital Compare — General Information + Provider Data,2026-02-13
172007,13.6,35.84,70.34,99.79,67.86,20.38,1.07,2.44,0.21,0.0,0.0,0.266,CMS Long-Term Care Hospital Compare — General Information + Provider Data,2026-02-13
182001,12.04,46.37,95.56,96.25,56.22,22.93,0.94,0.85,0.0,0.476,0.97,0.188,CMS Long-Term Care Hospital Compare — General Information + Provider Data,2026-02-13
182002,21.11,53.68,66.55,96.02,65.53,20.86,0.9,1.71,0.0,0.539,0.422,0.158,CMS Long-Term Care Hospital Compare — General Information + Provider Data,2026-02-13
182003,15.76,45.65,56.83,94.03,58.57,21.65,0.9,1.16,0.0,0.394,0.36,0.0,CMS Long-Term Care Hospital Compare — General Information + Provider Data,2026-02-13
182004,15.94,41.48,60.55,99.48,57.26,21.61,0.99,2.34,0.0,1.093,0.0,0.0,CMS Long-Term Care Hospital Compare — General Information + Provider Data,2026-02-13
182005,22.58,40.58,34.45,100.0,63.04,18.43,0.84,0.0,0.96,0.769,4.789,0.983,CMS Long-Term Care Hospital Compare — General Information + Provider Data,2026-02-13
182006,28.94,43.88,47.46,100.0,60.09,21.11,0.87,3.9,0.46,2.052,0.579,0.413,CMS Long-Term Care Hospital Compare — General Information + Provider Data,2026-02-13
182008,20.61,77.52,90.07,99.42,55.97,22.23,0.88,1.29,0.0,0.0,0.0,0.0,CMS Long-Term Care Hospital Compare — General Information + Provider Data,2026-02-13
182009,18.04,66.29,67.24,100.0,,21.89,0.92,3.25,0.66,0.0,0.747,0.231,CMS Long-Term Care Hospital Compare — General Information + Provider Data,2026-02-13
182010,,22.22,91.43,80.56,,,,6.5,0.0,,,,CMS Long-Term Care Hospital Compare — General Information + Provider Data,2026-02-13
182011,,36.0,96.77,50.0,,,,8.86,0.0,,,0.752,CMS Long-Term Care Hospital Compare — General Information + Provider Data,2026-02-13
192004,23.12,63.9,90.44,100.0,,22.21,0.84,1.49,0.32,0.436,0.271,0.0,CMS Long-Term Care Hospital Compare — General Information + Provider Data,2026-02-13
192006,23.1,66.45,,100.0,,21.57,1.01,0.0,0.0,0.0,0.0,0.695,CMS Long-Term Care Hospital Compare — General Information + Provider Data,2026-02-13
192007,21.73,40.48,68.5,98.13,40.01,24.49,0.98,9.47,0.0,0.355,1.063,0.347,CMS Long-Term Care Hospital Compare — General Information + Provider Data,2026-02-13
192008,15.45,32.16,82.08,95.02,,22.13,0.97,8.58,0.0,0.0,0.0,0.0,CMS Long-Term Care Hospital Compare — General Information + Provider Data,2026-02-13
192010,21.76,56.18,60.72,81.94,57.95,24.15,0.93,0.51,0.19,0.185,0.226,0.087,CMS Long-Term Care Hospital Compare — General Information + Provider Data,2026-02-13
192011,15.9,41.84,66.08,99.32,52.25,21.45,1.01,2.88,0.0,0.181,0.0,0.39,CMS Long-Term Care Hospital Compare — General Information + Provider Data,2026-02-13
192013,21.27,74.34,70.54,96.41,,25.1,0.87,0.71,0.0,0.0,1.276,0.0,CMS Long-Term Care Hospital Compare — General Information + Provider Data,2026-02-13
192015,20.78,65.06,,100.0,69.05,20.03,1.0,1.45,0.0,1.166,1.996,0.0,CMS Long-Term Care Hospital Compare — General Information + Provider Data,2026-02-13
192016,25.27,66.91,36.36,99.73,55.64,19.75,0.92,2.99,0.0,0.356,1.173,0.28,CMS Long-Term Care Hospital Compare — General Information + Provider Data,2026-02-13
192028,15.63,49.43,26.77,99.57,,18.24,0.93,2.0,0.0,0.0,0.0,0.439,CMS Long-Term Care Hospital Compare — General Information + Provider Data,2026-02-13
192029,23.06,54.43,42.28,99.56,,22.32,0.92,5.85,0.0,0.0,0.0,0.0,CMS Long-Term Care Hospital Compare — General Information + Provider Data,2026-02-13
192031,24.97,91.19,36.21,98.65,56.62,23.52,0.96,0.0,0.34,0.47,0.272,0.291,CMS Long-Term Care Hospital Compare — General Information + Provider Data,2026-02-13
192032,19.88,63.22,80.46,98.74,,18.76,1.0,3.1,0.32,0.0,0.786,0.0,CMS Long-Term Care Hospital Compare — General Information + Provider Data,2026-02-13
192035,18.43,72.5,96.15,88.0,,20.97,1.05,5.24,0.0,,,0.0,CMS Long-Term Care Hospital Compare — General Information + Provider Data,2026-02-13
192036,16.49,47.87,85.98,98.15,49.52,24.3,1.02,0.61,0.0,1.359,1.646,0.839,CMS Long-Term Care Hospital Compare — General Information + Provider Data,2026-02-13
192037,24.36,53.37,40.14,99.19,,23.3,0.94,1.04,0.0,0.341,0.0,0.575,CMS Long-Term Care Hospital Compare — General Information + Provider Data,2026-02-13
192041,16.31,57.43,54.05,99.37,52.42,22.49,1.03,0.77,0.0,2.183,1.255,0.293,CMS Long-Term Care Hospital Compare — General Information + Provider Data,2026-02-13
192043,20.74,44.0,25.55,91.34,,19.54,1.0,4.6,0.0,0.493,,0.0,CMS Long-Term Care Hospital Compare — General Information + Provider Data,2026-02-13
192048,21.04,50.9,61.01,99.37,,20.95,0.95,0.39,0.0,0.0,0.0,0.16,CMS Long-Term Care Hospital Compare — General Information + Provider Data,2026-02-13
192057,15.54,49.38,32.31,93.93,,23.63,1.03,6.82,0.0,0.0,0.0,0.0,CMS Long-Term Care Hospital Compare — General Information + Provider Data,2026-02-13
192058,,91.67,,100.0,,,,0.0,2.7,,,0.946,CMS Long-Term Care Hospital Compare — General Information + Provider Data,2026-02-13
212002,,,82.08,,,,,,,,,0.0,CMS Long-Term Care Hospital Compare — General Information + Provider Data,2026-02-13
212003,,85.71,81.85,96.88,,,,0.0,0.0,,,0.893,CMS Long-Term Care Hospital Compare — General Information + Provider Data,2026-02-13
222000,47.11,66.11,98.06,99.2,51.09,16.65,0.96,4.38,0.11,1.564,0.937,1.156,CMS Long-Term Care Hospital Compare — General Information + Provider Data,2026-02-13
222002,21.84,51.86,64.76,98.05,59.27,23.92,0.85,1.73,0.0,0.808,0.668,0.0,CMS Long-Term Care Hospital Compare — General Information + Provider Data,2026-02-13
222003,,85.29,54.91,98.95,,,,3.83,1.57,0.355,0.0,0.038,CMS Long-Term Care Hospital Compare — General Information + Provider Data,2026-02-13
222006,,,,,,,,,,1.338,1.202,0.173,CMS Long-Term Care Hospital Compare — General Information + Provider Data,2026-02-13
222007,,,64.12,,,,,,,0.305,0.0,0.035,CMS Long-Term Care Hospital Compare — General Information + Provider Data,2026-02-13
222023,,,59.06,,,,,,,0.43,,0.041,CMS Long-Term Care Hospital Compare — General Information + Provider Data,2026-02-13
222043,33.02,73.42,70.77,99.13,68.7,19.2,0.73,8.32,0.22,1.504,0.536,0.0,CMS Long-Term Care Hospital Compare — General Information + Provider Data,2026-02-13
222046,20.9,63.33,55.7,100.0,62.8,21.29,0.86,10.41,0.0,0.381,0.29,0.821,CMS Long-Term Care Hospital Compare — General Information + Provider Data,2026-02-13
222047,25.43,32.42,83.33,97.79,,18.16,0.84,5.6,0.32,0.89,0.76,1.405,CMS Long-Term Care Hospital Compare — General Information + Provider Data,2026-02-13
222048,26.92,43.27,71.72,95.08,,20.77,0.84,5.91,0.0,0.0,0.0,1.026,CMS Long-Term Care Hospital Compare — General Information + Provider Data,2026-02-13
232012,20.25,58.75,44.04,83.27,65.41,21.27,0.9,1.39,0.0,0.93,0.731,0.146,CMS Long-Term Care Hospital Compare — General Information + Provider Data,2026-02-13
232019,20.51,28.01,66.92,99.21,56.88,21.76,0.95,6.24,0.0,1.981,1.608,0.381,CMS Long-Term Care Hospital Compare — General Information + Provider Data,2026-02-13
232020,19.6,44.83,6.45,100.0,,21.98,0.91,2.43,0.0,,,0.0,CMS Long-Term Care Hospital Compare — General Information + Provider Data,2026-02-13
232023,14.82,31.5,53.44,93.27,64.29,23.28,1.0,0.84,0.2,0.433,0.46,0.134,CMS Long-Term Care Hospital Compare — General Information + Provider Data,2026-02-13
232024,16.57,39.47,68.31,83.59,66.61,22.86,0.91,0.34,0.0,1.18,0.222,0.315,CMS Long-Term Care Hospital Compare — General Information + Provider Data,2026-02-13
232029,13.04,29.08,90.94,92.7,75.66,23.21,1.0,0.0,0.0,0.464,0.345,0.297,CMS Long-Term Care Hospital Compare — General Information + Provider Data,2026-02-13
232031,17.4,40.62,63.23,83.77,61.94,22.31,0.97,2.54,0.0,0.524,1.451,0.445,CMS Long-Term Care Hospital Compare — General Information + Provider Data,2026-02-13
232033,13.88,37.14,50.75,97.68,60.22,20.3,1.0,1.54,0.0,1.353,0.0,0.44,CMS Long-Term Care Hospital Compare — General Information + Provider Data,2026-02-13
232034,20.84,47.62,56.62,94.51,58.73,19.93,0.86,1.14,0.0,,,0.0,CMS Long-Term Care Hospital Compare — General Information + Provider Data,2026-02-13
232035,15.21,33.76,86.25,66.35,68.32,20.61,0.9,1.81,0.48,0.0,0.96,0.282,CMS Long-Term Care Hospital Compare — General Information + Provider Data,2026-02-13
232037,14.89,54.44,11.77,100.0,57.27,18.06,0.93,0.3,0.0,1.113,0.719,0.263,CMS Long-Term Care Hospital Compare — General Information + Provider Data,2026-02-13
232039,17.36,63.01,84.36,98.27,60.26,21.35,1.07,2.73,0.0,0.345,0.976,0.0,CMS Long-Term Care Hospital Compare — General Information + Provider Data,2026-02-13
242004,24.14,62.79,76.91,77.39,61.88,20.06,1.25,1.87,0.43,1.314,0.517,0.142,CMS Long-Term Care Hospital Compare — General Information + Provider Data,2026-02-13
242005,24.63,54.13,84.89,97.27,70.85,20.94,0.91,0.85,0.0,0.286,0.378,0.0,CMS Long-Term Care Hospital Compare — General Information + Provider Data,2026-02-13
252003,19.2,52.7,66.31,99.35,62.39,20.37,1.03,0.4,0.0,0.0,0.257,0.0,CMS Long-Term Care Hospital Compare — General Information + Provider Data,2026-02-13
252004,21.7,40.43,84.21,82.19,,22.94,0.88,0.0,0.0,,,0.0,CMS Long-Term Care Hospital Compare — General Information + Provider Data,2026-02-13
252005,17.27,40.21,68.63,94.36,71.35,22.57,1.05,0.61,0.0,1.14,1.065,0.165,CMS Long-Term Care Hospital Compare — General Information + Provider Data,2026-02-13
252006,13.02,64.0,81.67,99.48,60.37,19.64,1.0,1.75,0.0,,,0.0,CMS Long-Term Care Hospital Compare — General Information + Provider Data,2026-02-13
252007,12.25,36.77,71.34,73.47,60.69,22.29,1.07,0.0,0.0,0.0,0.385,0.055,CMS Long-Term Care Hospital Compare — General Information + Provider Data,2026-02-13
252013,16.88,,,,,23.38,0.92,,,,,,CMS Long-Term Care Hospital Compare — General Information + Provider Data,2026-02-13
252014,23.91,46.25,57.3,98.76,52.72,20.89,0.93,7.63,0.0,0.319,0.446,0.0,CMS Long-Term Care Hospital Compare — General Information + Provider Data,2026-02-13
262010,12.7,52.23,78.98,97.71,52.93,20.16,1.0,1.23,0.42,0.895,2.298,0.139,CMS Long-Term Care Hospital Compare — General Information + Provider Data,2026-02-13
262013,19.87,33.67,69.77,93.89,68.98,18.97,0.97,0.96,0.15,0.368,1.186,0.08,CMS Long-Term Care Hospital Compare — General Information + Provider Data,2026-02-13
262015,18.47,51.25,95.88,98.49,70.47,20.66,0.86,2.63,0.38,0.238,0.749,0.437,CMS Long-Term Care Hospital Compare — General Information + Provider Data,2026-02-13
262016,19.05,57.14,75.71,98.84,61.17,20.74,0.89,0.69,0.0,2.404,1.76,0.601,CMS Long-Term Care Hospital Compare — General Information + Provider Data,2026-02-13
262017,18.41,40.22,67.97,99.24,67.19,20.97,0.98,0.0,0.0,0.703,1.03,0.0,CMS Long-Term Care Hospital Compare — General Information + Provider Data,2026-02-13
262018,19.07,57.6,75.0,97.18,65.04,19.51,0.92,0.62,0.28,1.584,0.914,0.091,CMS Long-Term Care Hospital Compare — General Information + Provider Data,2026-02-13
262019,24.1,62.41,98.25,100.0,,20.74,1.04,2.76,0.0,0.797,0.808,0.945,CMS Long-Term Care Hospital Compare — General Information + Provider Data,2026-02-13
262020,20.03,64.02,62.12,96.33,60.52,23.3,0.88,6.05,0.41,1.11,2.6,1.799,CMS Long-Term Care Hospital Compare — General Information + Provider Data,2026-02-13
272001,26.65,69.74,86.73,94.71,59.67,19.03,1.04,0.38,0.26,1.221,0.504,0.0,CMS Long-Term Care Hospital Compare — General Information + Provider Data,2026-02-13
282000,26.02,77.83,87.72,100.0,60.79,16.5,1.04,1.64,0.0,1.28,0.622,0.474,CMS Long-Term Care Hospital Compare — General Information + Provider Data,2026-02-13
282001,18.22,54.08,68.56,86.76,57.57,19.52,0.93,2.15,0.0,0.758,1.398,0.236,CMS Long-Term Care Hospital Compare — General Information + Provider Data,2026-02-13
282003,27.72,64.95,88.29,100.0,65.72,17.89,1.04,2.19,0.33,1.511,0.0,0.908,CMS Long-Term Care Hospital Compare — General Information + Provider Data,2026-02-13
292002,11.56,45.31,92.83,99.59,36.85,20.09,1.03,1.23,0.0,0.086,0.261,0.031,CMS Long-Term Care Hospital Compare — General Information + Provider Data,2026-02-13
292003,10.54,39.05,83.8,95.07,56.45,21.74,1.0,3.19,0.77,2.493,3.106,0.046,CMS Long-Term Care Hospital Compare — General Information + Provider Data,2026-02-13
292004,22.67,64.22,71.1,96.47,52.87,19.9,0.88,3.98,0.0,1.303,0.0,0.66,CMS Long-Term Care Hospital Compare — General Information + Provider Data,2026-02-13
292006,9.69,41.47,66.46,100.0,48.27,20.04,1.14,1.13,0.28,0.0,0.0,0.059,CMS Long-Term Care Hospital Compare — General Information + Provider Data,2026-02-13
292007,13.85,40.0,55.22,96.45,50.16,22.58,1.03,0.0,0.0,0.308,0.589,0.0,CMS Long-Term Care Hospital Compare — General Information + Provider Data,2026-02-13
292009,,,,,,,,,,,,,CMS Long-Term Care Hospital Compare — General Information + Provider Data,2026-02-13
312014,,,95.76,94.44,,,,0.0,0.0,,,0.037,CMS Long-Term Care Hospital Compare — General Information + Provider Data,2026-02-13
312017,30.17,38.71,95.36,99.15,32.98,25.04,0.95,3.41,0.0,0.776,1.499,0.818,CMS Long-Term Care Hospital Compare — General Information + Provider Data,2026-02-13
312018,8.26,21.7,98.94,100.0,67.66,23.71,0.99,9.77,0.0,1.044,0.452,0.483,CMS Long-Term Care Hospital Compare — General Information + Provider Data,2026-02-13
312019,13.22,43.94,93.27,99.57,59.33,19.65,1.13,10.52,0.86,0.584,2.008,0.0,CMS Long-Term Care Hospital Compare — General Information + Provider Data,2026-02-13
312020,10.57,41.92,78.81,99.35,62.53,22.24,0.97,2.45,0.0,0.512,0.629,0.178,CMS Long-Term Care Hospital Compare — General Information + Provider Data,2026-02-13
312022,10.54,43.28,92.22,99.2,65.85,22.96,1.01,1.58,0.0,0.233,0.0,0.271,CMS Long-Term Care Hospital Compare — General Information + Provider Data,2026-02-13
312023,12.49,40.12,92.63,100.0,68.85,22.6,1.02,2.79,0.43,0.0,0.0,0.474,CMS Long-Term Care Hospital Compare — General Information + Provider Data,2026-02-13
312024,19.88,37.1,91.23,96.09,44.59,23.82,1.13,10.44,0.0,0.422,6.074,0.204,CMS Long-Term Care Hospital Compare — General Information + Provider Data,2026-02-13
312025,11.14,40.54,97.09,81.4,54.54,23.62,1.17,10.24,0.78,0.869,0.527,0.611,CMS Long-Term Care Hospital Compare — General Information + Provider Data,2026-02-13
322002,,63.37,87.02,86.14,59.18,,,0.39,0.0,0.844,0.465,0.287,CMS Long-Term Care Hospital Compare — General Information + Provider Data,2026-02-13
322003,25.76,67.23,52.29,97.36,34.75,23.05,0.89,5.54,0.0,1.07,1.527,0.543,CMS Long-Term Care Hospital Compare — General Information + Provider Data,2026-02-13
322004,20.31,52.94,76.4,97.41,61.28,20.78,0.96,4.81,0.0,0.0,0.536,0.886,CMS Long-Term Care Hospital Compare — General Information + Provider Data,2026-02-13
332008,10.31,31.72,49.66,93.54,26.8,20.75,0.92,11.14,0.0,2.945,0.766,0.164,CMS Long-Term Care Hospital Compare — General Information + Provider Data,2026-02-13
342012,15.6,37.44,84.87,97.07,55.8,23.61,0.93,1.16,0.0,0.552,0.196,0.26,CMS Long-Term Care Hospital Compare — General Information + Provider Data,2026-02-13
342013,22.45,54.7,63.93,97.75,60.25,23.52,0.89,0.72,0.0,0.221,0.494,0.717,CMS Long-Term Care Hospital Compare — General Information + Provider Data,2026-02-13
342014,19.29,85.9,96.83,99.61,,19.39,0.91,2.34,0.0,1.207,0.333,0.345,CMS Long-Term Care Hospital Compare — General Information + Provider Data,2026-02-13
342015,17.57,56.77,56.36,97.3,45.51,19.37,0.91,6.88,0.0,0.112,0.881,0.102,CMS Long-Term Care Hospital Compare — General Information + Provider Data,2026-02-13
342018,24.25,51.74,81.73,92.65,70.32,19.53,0.86,3.91,0.0,0.0,0.719,0.136,CMS Long-Term Care Hospital Compare — General Information + Provider Data,2026-02-13
342020,11.34,45.65,47.3,99.22,64.96,20.27,1.0,0.0,0.0,0.375,0.572,0.0,CMS Long-Term Care Hospital Compare — General Information + Provider Data,2026-02-13
352004,18.64,66.67,97.37,95.04,72.21,20.64,0.88,5.01,0.0,0.0,0.35,0.217,CMS Long-Term Care Hospital Compare — General Information + Provider Data,2026-02-13
352005,27.87,85.0,68.97,90.12,61.31,19.52,0.85,2.58,0.0,0.0,0.397,0.503,CMS Long-Term Care Hospital Compare — General Information + Provider Data,2026-02-13
362015,22.64,50.0,70.86,96.61,43.7,21.02,0.89,7.25,0.0,0.579,1.19,0.347,CMS Long-Term Care Hospital Compare — General Information + Provider Data,2026-02-13
362016,13.97,41.26,64.84,99.66,67.51,19.94,1.07,0.38,0.34,0.0,0.955,0.295,CMS Long-Term Care Hospital Compare — General Information + Provider Data,2026-02-13
362019,14.68,43.7,53.0,99.66,64.58,22.41,1.02,0.61,0.0,1.959,0.851,0.196,CMS Long-Term Care Hospital Compare — General Information + Provider Data,2026-02-13
362020,23.17,52.84,79.25,100.0,56.88,20.97,0.86,2.51,0.41,0.49,0.357,1.268,CMS Long-Term Care Hospital Compare — General Information + Provider Data,2026-02-13
362022,7.69,46.15,82.29,99.29,65.27,23.66,1.05,0.45,0.0,0.422,0.352,0.09,CMS Long-Term Care Hospital Compare — General Information + Provider Data,2026-02-13
362023,18.05,52.47,71.96,98.06,59.32,20.97,0.97,0.34,0.0,2.071,0.0,0.089,CMS Long-Term Care Hospital Compare — General Information + Provider Data,2026-02-13
362024,14.2,46.75,56.64,72.65,65.05,24.01,1.02,0.0,0.0,0.0,0.386,0.0,CMS Long-Term Care Hospital Compare — General Information + Provider Data,2026-02-13
362026,15.69,52.33,69.71,99.08,65.92,21.27,0.98,1.25,0.0,0.535,0.108,0.139,CMS Long-Term Care Hospital Compare — General Information + Provider Data,2026-02-13
362027,11.26,34.28,75.09,100.0,69.2,21.35,1.03,0.19,0.0,0.768,0.748,0.135,CMS Long-Term Care Hospital Compare — General Information + Provider Data,2026-02-13
362028,13.84,56.36,72.89,96.15,47.17,19.91,1.01,6.0,0.0,1.636,0.0,0.214,CMS Long-Term Care Hospital Compare — General Information + Provider Data,2026-02-13
362029,9.44,34.04,73.06,98.51,68.02,22.6,1.01,0.38,0.0,0.593,1.026,0.129,CMS Long-Term Care Hospital Compare — General Information + Provider Data,2026-02-13
362031,15.42,49.81,88.89,99.72,68.15,21.66,0.91,1.67,0.84,0.544,0.0,0.36,CMS Long-Term Care Hospital Compare — General Information + Provider Data,2026-02-13
362033,15.14,47.96,54.87,100.0,61.1,21.89,0.91,2.37,0.0,1.17,0.294,0.94,CMS Long-Term Care Hospital Compare — General Information + Provider Data,2026-02-13
362036,12.08,44.5,61.4,100.0,59.42,21.63,1.06,2.45,0.0,1.294,0.0,0.128,CMS Long-Term Care Hospital Compare — General Information + Provider Data,2026-02-13
362037,14.91,41.67,81.12,99.57,63.11,19.38,0.98,3.67,0.0,0.0,0.894,0.387,CMS Long-Term Care Hospital Compare — General Information + Provider Data,2026-02-13
362038,18.9,60.99,,94.98,56.92,20.08,0.9,2.93,0.0,0.47,0.24,0.391,CMS Long-Term Care Hospital Compare — General Information + Provider Data,2026-02-13
372004,11.03,61.43,33.04,98.61,56.78,21.84,0.99,3.33,0.28,0.0,0.0,0.281,CMS Long-Term Care Hospital Compare — General Information + Provider Data,2026-02-13
372005,15.18,62.71,80.95,98.51,65.16,20.77,1.05,0.59,0.5,0.0,0.451,0.0,CMS Long-Term Care Hospital Compare — General Information + Provider Data,2026-02-13
372007,14.34,42.35,82.12,98.97,62.41,20.65,1.22,0.0,0.0,0.28,0.0,0.0,CMS Long-Term Care Hospital Compare — General Information + Provider Data,2026-02-13
372009,14.44,57.27,80.81,57.05,59.73,16.7,1.1,0.85,0.0,0.386,0.757,0.206,CMS Long-Term Care Hospital Compare — General Information + Provider Data,2026-02-13
372012,14.19,38.67,76.04,97.86,55.57,20.94,1.08,7.21,0.0,0.159,1.128,0.0,CMS Long-Term Care Hospital Compare — General Information + Provider Data,2026-02-13
372018,13.57,46.26,71.62,94.0,53.62,20.31,1.09,4.32,0.0,0.183,0.0,0.151,CMS Long-Term Care Hospital Compare — General Information + Provider Data,2026-02-13
372022,18.3,57.97,80.9,99.4,70.09,23.18,0.99,1.54,0.15,0.443,1.935,1.324,CMS Long-Term Care Hospital Compare — General Information + Provider Data,2026-02-13
372023,,89.58,88.1,100.0,,,,0.0,0.0,,0.571,0.615,CMS Long-Term Care Hospital Compare — General Information + Provider Data,2026-02-13
382004,36.55,45.26,37.39,96.8,60.21,17.59,0.93,15.91,0.0,1.499,2.056,0.252,CMS Long-Term Care Hospital Compare — General Information + Provider Data,2026-02-13
392025,14.71,46.09,47.47,99.53,59.41,22.94,0.98,1.75,0.0,0.605,0.33,0.303,CMS Long-Term Care Hospital Compare — General Information + Provider Data,2026-02-13
392027,11.17,35.32,86.33,99.72,51.48,23.48,1.02,2.83,0.0,0.931,2.168,0.367,CMS Long-Term Care Hospital Compare — General Information + Provider Data,2026-02-13
392028,14.55,63.44,86.75,98.07,42.94,21.71,1.04,0.0,0.0,0.664,0.488,1.631,CMS Long-Term Care Hospital Compare — General Information + Provider Data,2026-02-13
392031,12.53,45.9,77.99,100.0,83.09,22.2,0.94,0.37,0.0,1.287,0.582,0.378,CMS Long-Term Care Hospital Compare — General Information + Provider Data,2026-02-13
392033,13.99,51.2,93.77,98.84,68.59,20.15,0.99,1.07,0.58,0.845,1.411,0.911,CMS Long-Term Care Hospital Compare — General Information + Provider Data,2026-02-13
392036,13.29,52.44,55.28,95.48,65.33,22.24,0.94,0.0,0.0,0.0,1.421,0.0,CMS Long-Term Care Hospital Compare — General Information + Provider Data,2026-02-13
392037,26.43,46.08,77.78,99.64,65.33,18.83,0.99,3.24,0.0,1.234,0.0,0.082,CMS Long-Term Care Hospital Compare — General Information + Provider Data,2026-02-13
392039,15.7,38.1,56.14,99.32,70.34,20.06,1.03,1.89,0.11,0.765,0.306,0.187,CMS Long-Term Care Hospital Compare — General Information + Provider Data,2026-02-13
392043,15.81,68.87,63.1,97.36,,22.1,0.92,2.2,0.0,0.349,0.0,0.858,CMS Long-Term Care Hospital Compare — General Information + Provider Data,2026-02-13
392044,16.48,39.0,56.07,91.89,70.31,21.93,1.02,1.52,0.0,0.858,0.361,0.214,CMS Long-Term Care Hospital Compare — General Information + Provider Data,2026-02-13
392045,19.96,36.47,77.7,96.6,76.4,21.52,0.98,0.0,0.0,1.852,0.584,0.471,CMS Long-Term Care Hospital Compare — General Information + Provider Data,2026-02-13
392050,19.93,45.57,99.03,97.18,57.63,22.58,1.13,0.67,0.0,1.684,1.694,0.0,CMS Long-Term Care Hospital Compare — General Information + Provider Data,2026-02-13
412001,,,59.13,,,,,,,5.947,,0.0,CMS Long-Term Care Hospital Compare — General Information + Provider Data,2026-02-13
422004,23.9,61.86,69.9,99.68,61.04,17.45,0.93,2.23,0.0,0.955,0.0,0.393,CMS Long-Term Care Hospital Compare — General Information + Provider Data,2026-02-13
422005,20.8,42.75,50.27,98.19,74.96,20.14,0.9,4.07,0.9,1.933,1.897,0.253,CMS Long-Term Care Hospital Compare — General Information + Provider Data,2026-02-13
422006,17.17,52.17,29.52,98.44,,23.97,0.92,7.45,0.0,2.41,0.0,0.0,CMS Long-Term Care Hospital Compare — General Information + Provider Data,2026-02-13
422007,16.01,35.74,59.47,62.61,64.2,22.13,0.92,5.16,0.23,0.371,0.537,0.091,CMS Long-Term Care Hospital Compare — General Information + Provider Data,2026-02-13
422008,19.78,44.57,86.73,99.62,57.0,21.37,1.23,1.4,0.0,0.723,0.141,0.0,CMS Long-Term Care Hospital Compare — General Information + Provider Data,2026-02-13
422009,17.76,55.41,57.06,98.03,62.86,22.24,0.96,1.16,0.0,0.0,0.0,0.114,CMS Long-Term Care Hospital Compare — General Information + Provider Data,2026-02-13
432002,18.23,43.26,89.36,98.7,69.02,19.16,0.95,0.49,0.0,1.352,1.016,0.16,CMS Long-Term Care Hospital Compare — General Information + Provider Data,2026-02-13
432003,,,,,,,,,,,,,CMS Long-Term Care Hospital Compare — General Information + Provider Data,2026-02-13
442007,16.94,54.07,68.82,98.97,49.48,19.13,0.96,0.34,0.0,0.572,1.572,0.563,CMS Long-Term Care Hospital Compare — General Information + Provider Data,2026-02-13
442010,23.05,49.19,78.69,98.13,58.15,22.24,0.89,5.37,0.0,1.328,0.332,0.252,CMS Long-Term Care Hospital Compare — General Information + Provider Data,2026-02-13
442011,18.41,55.68,75.39,98.28,72.7,18.62,0.95,0.58,0.12,0.388,0.507,0.035,CMS Long-Term Care Hospital Compare — General Information + Provider Data,2026-02-13
442014,15.48,58.53,53.51,98.23,64.17,24.73,1.03,0.76,0.0,0.0,0.924,0.076,CMS Long-Term Care Hospital Compare — General Information + Provider Data,2026-02-13
442015,20.6,49.87,78.57,98.04,65.94,21.0,0.93,2.6,0.0,0.582,1.434,0.055,CMS Long-Term Care Hospital Compare — General Information + Provider Data,2026-02-13
442016,17.25,48.19,79.47,98.68,58.2,22.35,0.95,3.26,0.0,1.258,0.331,0.164,CMS Long-Term Care Hospital Compare — General Information + Provider Data,2026-02-13
442017,20.09,47.1,100.0,100.0,71.78,22.45,1.05,7.19,0.0,0.0,0.0,0.312,CMS Long-Term Care Hospital Compare — General Information + Provider Data,2026-02-13
442018,19.29,32.62,70.43,90.1,54.47,20.92,0.8,6.56,0.0,0.923,0.565,0.284,CMS Long-Term Care Hospital Compare — General Information + Provider Data,2026-02-13
452016,15.32,41.26,39.29,86.88,56.22,18.66,1.05,4.35,0.0,2.048,0.223,0.0,CMS Long-Term Care Hospital Compare — General Information + Provider Data,2026-02-13
452018,,9.43,94.35,100.0,,,,0.0,0.0,0.458,0.0,0.0,CMS Long-Term Care Hospital Compare — General Information + Provider Data,2026-02-13
452022,12.21,39.83,58.33,99.41,72.6,23.06,1.02,0.61,0.15,0.0,0.787,0.055,CMS Long-Term Care Hospital Compare — General Information + Provider Data,2026-02-13
452023,8.49,44.2,93.36,99.18,56.86,21.56,1.06,1.76,0.0,0.629,0.581,0.191,CMS Long-Term Care Hospital Compare — General Information + Provider Data,2026-02-13
452028,15.02,38.88,70.92,97.85,57.84,24.07,1.03,3.29,0.34,1.047,0.444,0.196,CMS Long-Term Care Hospital Compare — General Information + Provider Data,2026-02-13
452029,19.05,81.82,66.81,98.86,57.4,18.44,1.0,1.13,0.0,1.905,1.378,1.19,CMS Long-Term Care Hospital Compare — General Information + Provider Data,2026-02-13
452032,15.08,34.59,75.9,98.21,54.79,23.31,1.05,2.29,0.0,0.237,0.183,0.0,CMS Long-Term Care Hospital Compare — General Information + Provider Data,2026-02-13
452034,15.83,52.46,90.04,100.0,65.21,21.62,1.03,2.61,0.14,0.358,0.572,0.264,CMS Long-Term Care Hospital Compare — General Information + Provider Data,2026-02-13
452038,25.4,64.08,19.55,99.51,56.69,20.03,0.96,1.52,0.25,3.159,1.686,0.219,CMS Long-Term Care Hospital Compare — General Information + Provider Data,2026-02-13
452039,11.02,32.66,56.36,89.02,53.46,20.66,1.16,1.36,0.0,0.276,0.519,0.069,CMS Long-Term Care Hospital Compare — General Information + Provider Data,2026-02-13
452041,17.23,42.44,,97.72,59.94,22.32,1.07,2.1,0.57,0.282,0.564,0.0,CMS Long-Term Care Hospital Compare — General Information + Provider Data,2026-02-13
452044,15.71,42.54,,99.27,59.98,22.68,1.02,0.41,0.0,0.0,0.0,0.0,CMS Long-Term Care Hospital Compare — General Information + Provider Data,2026-02-13
452046,10.74,37.5,48.69,93.05,52.32,22.69,1.06,5.01,0.39,0.56,0.598,0.0,CMS Long-Term Care Hospital Compare — General Information + Provider Data,2026-02-13
452059,11.14,39.29,93.94,99.09,52.86,23.06,1.14,4.3,0.0,0.835,0.785,0.354,CMS Long-Term Care Hospital Compare — General Information + Provider Data,2026-02-13
452060,18.93,62.94,92.57,99.6,58.71,19.44,0.93,2.17,0.4,0.471,0.0,0.614,CMS Long-Term Care Hospital Compare — General Information + Provider Data,2026-02-13
452061,17.61,61.93,60.14,99.34,51.76,19.44,0.92,0.0,0.66,0.0,0.0,0.0,CMS Long-Term Care Hospital Compare — General Information + Provider Data,2026-02-13
452062,15.61,30.56,83.57,99.1,,18.99,1.04,1.98,0.0,0.718,0.0,0.338,CMS Long-Term Care Hospital Compare — General Information + Provider Data,2026-02-13
452068,17.94,61.26,96.2,99.35,40.76,22.95,0.96,10.73,0.0,0.0,0.0,0.0,CMS Long-Term Care Hospital Compare — General Information + Provider Data,2026-02-13
452073,19.41,39.2,70.35,100.0,68.77,20.49,1.04,0.28,0.0,0.223,0.92,0.656,CMS Long-Term Care Hospital Compare — General Information + Provider Data,2026-02-13
452075,18.74,49.08,70.23,99.39,67.17,22.93,1.04,1.59,0.2,0.586,0.149,0.0,CMS Long-Term Care Hospital Compare — General Information + Provider Data,2026-02-13
452079,17.19,45.04,100.0,99.36,53.22,21.84,1.02,0.0,0.0,2.15,1.048,0.513,CMS Long-Term Care Hospital Compare — General Information + Provider Data,2026-02-13
452080,10.88,32.68,93.01,100.0,56.18,19.98,1.1,1.6,0.0,0.0,0.154,0.505,CMS Long-Term Care Hospital Compare — General Information + Provider Data,2026-02-13
452083,17.91,51.72,57.65,97.03,,21.7,0.92,4.98,0.0,0.0,0.0,0.0,CMS Long-Term Care Hospital Compare — General Information + Provider Data,2026-02-13
452086,9.72,61.86,64.35,99.43,55.12,22.17,1.02,0.0,0.0,0.0,0.0,0.797,CMS Long-Term Care Hospital Compare — General Information + Provider Data,2026-02-13
452090,15.09,56.34,81.25,97.7,56.21,20.2,1.09,0.67,0.29,0.609,0.801,0.299,CMS Long-Term Care Hospital Compare — General Information + Provider Data,2026-02-13
452091,17.61,62.68,75.22,99.84,60.26,19.55,0.97,2.73,0.16,0.891,0.676,0.173,CMS Long-Term Care Hospital Compare — General Information + Provider Data,2026-02-13
452094,19.56,56.18,83.12,98.37,,21.2,1.01,1.41,0.0,0.842,0.0,1.084,CMS Long-Term Care Hospital Compare — General Information + Provider Data,2026-02-13
452095,23.42,55.3,66.85,98.19,78.35,20.02,0.95,0.68,0.0,0.984,0.0,0.095,CMS Long-Term Care Hospital Compare — General Information + Provider Data,2026-02-13
452097,12.45,35.0,76.12,98.51,53.81,22.48,1.07,2.59,0.0,0.0,0.242,0.0,CMS Long-Term Care Hospital Compare — General Information + Provider Data,2026-02-13
452100,14.75,49.16,84.51,97.49,55.54,22.14,1.13,4.09,0.0,0.185,0.516,0.921,CMS Long-Term Care Hospital Compare — General Information + Provider Data,2026-02-13
452101,26.7,54.43,47.45,99.43,75.53,20.29,0.95,2.35,0.23,0.107,0.646,0.543,CMS Long-Term Care Hospital Compare — General Information + Provider Data,2026-02-13
452102,14.85,69.72,25.21,98.71,72.73,21.5,0.96,3.88,0.0,0.561,0.386,0.0,CMS Long-Term Care Hospital Compare — General Information + Provider Data,2026-02-13
452105,21.57,48.84,94.32,100.0,64.16,20.07,0.78,5.34,0.0,0.216,1.005,0.0,CMS Long-Term Care Hospital Compare — General Information + Provider Data,2026-02-13
452106,14.61,60.33,53.9,99.47,63.62,20.63,1.05,1.04,0.0,0.0,0.0,0.311,CMS Long-Term Care Hospital Compare — General Information + Provider Data,2026-02-13
452107,21.37,69.34,53.78,97.98,61.46,20.29,0.99,3.68,0.0,0.477,0.792,0.0,CMS Long-Term Care Hospital Compare — General Information + Provider Data,2026-02-13
452108,15.62,41.89,55.9,99.01,55.27,21.01,1.08,3.26,0.25,1.245,2.321,0.248,CMS Long-Term Care Hospital Compare — General Information + Provider Data,2026-02-13
452114,20.32,59.21,87.5,100.0,,25.62,0.76,4.1,0.0,0.0,0.0,,CMS Long-Term Care Hospital Compare — General Information + Provider Data,2026-02-13
452118,20.03,50.0,65.5,98.8,51.13,20.58,1.24,3.76,0.0,0.683,0.409,0.239,CMS Long-Term Care Hospital Compare — General Information + Provider Data,2026-02-13
452121,20.62,57.93,57.55,100.0,55.5,18.0,0.92,10.56,0.0,1.222,0.917,0.42,CMS Long-Term Care Hospital Compare — General Information + Provider Data,2026-02-13
452122,12.89,33.82,100.0,77.19,,21.59,1.22,0.0,0.0,,,0.0,CMS Long-Term Care Hospital Compare — General Information + Provider Data,2026-02-13
462004,14.41,40.94,96.3,99.61,,21.91,0.98,6.76,0.0,0.264,0.336,1.035,CMS Long-Term Care Hospital Compare — General Information + Provider Data,2026-02-13
462005,13.52,62.22,88.98,97.87,60.56,19.39,0.98,6.12,0.0,1.245,0.0,0.481,CMS Long-Term Care Hospital Compare — General Information + Provider Data,2026-02-13
492001,,28.57,38.59,71.43,,,,6.01,0.0,0.768,2.497,0.472,CMS Long-Term Care Hospital Compare — General Information + Provider Data,2026-02-13
492007,24.46,53.21,91.67,100.0,44.38,20.16,0.88,0.6,0.0,0.0,0.0,0.0,CMS Long-Term Care Hospital Compare — General Information + Provider Data,2026-02-13
492008,17.95,53.37,80.0,98.26,61.27,19.01,0.95,5.17,0.0,0.903,0.0,0.0,CMS Long-Term Care Hospital Compare — General Information + Provider Data,2026-02-13
492009,11.7,32.01,68.01,90.18,64.65,22.52,0.97,1.79,0.0,0.923,1.902,0.243,CMS Long-Term Care Hospital Compare — General Information + Provider Data,2026-02-13
492010,28.74,59.3,85.44,96.06,62.43,19.83,0.87,2.87,0.0,1.645,,0.0,CMS Long-Term Care Hospital Compare — General Information + Provider Data,2026-02-13
492012,12.91,24.12,33.33,93.23,54.63,18.7,0.98,6.46,0.0,0.837,0.722,0.578,CMS Long-Term Care Hospital Compare — General Information + Provider Data,2026-02-13
502002,13.66,27.84,89.3,97.99,44.84,19.41,0.97,2.42,0.0,0.461,1.083,0.273,CMS Long-Term Care Hospital Compare — General Information + Provider Data,2026-02-13
512002,16.76,52.31,78.08,97.6,69.62,24.55,1.0,0.45,0.3,0.971,1.707,0.0,CMS Long-Term Care Hospital Compare — General Information + Provider Data,2026-02-13
512003,12.55,49.49,90.6,100.0,65.78,24.01,0.93,2.72,0.0,0.0,3.221,1.524,CMS Long-Term Care Hospital Compare — General Information + Provider Data,2026-02-13
512004,12.97,31.69,90.43,82.64,59.82,20.53,0.94,2.28,0.0,0.258,1.577,0.43,CMS Long-Term Care Hospital Compare — General Information + Provider Data,2026-02-13
512005,18.94,35.25,68.58,99.14,57.97,22.5,1.03,2.29,0.0,0.659,1.526,0.778,CMS Long-Term Care Hospital Compare — General Information + Provider Data,2026-02-13
522005,15.42,53.27,84.47,99.1,,20.31,1.01,5.72,0.9,0.83,1.2,0.147,CMS Long-Term Care Hospital Compare — General Information + Provider Data,2026-02-13
522006,20.81,33.71,77.6,99.17,63.19,22.36,0.93,0.44,0.0,0.656,0.0,0.103,CMS Long-Term Care Hospital Compare — General Information + Provider Data,2026-02-13
522008,21.35,39.15,87.38,99.72,63.22,19.71,0.96,0.31,0.0,0.0,0.0,0.474,CMS Long-Term Care Hospital Compare — General Information + Provider Data,2026-02-13
